ID,Product Name,Price,Description,Product URL,SKU,Category,Image Count,Image Files
1,7'' inches,₹109.20,,greenvitality.in,-OLTbOzMxyxLuAxCQVxw,Porcelain Crockery,6,7'' inches_0001_img1.jpg | 7'' inches_0001_img2.jpg | 7'' inches_0001_img3.png | 7'' inches_0001_img4.png | 7'' inches_0001_img5.svg | 7'' inches_0001_img6.jpg
2,7'' inches,₹112.00,,greenvitality.in,-OLTbOzNpmsCFGTwR8oe,Porcelain Crockery,7,7'' inches_0002_img1.jpg | 7'' inches_0002_img2.jpg | 7'' inches_0002_img3.png | 7'' inches_0002_img4.png | 7'' inches_0002_img5.png | 7'' inches_0002_img6.svg | 7'' inches_0002_img7.jpg
3,7'' inches,₹112.00,,greenvitality.in,-OLTbOzNpmsCFGTwR8of,Porcelain Crockery,7,7'' inches_0003_img1.jpg | 7'' inches_0003_img2.jpg | 7'' inches_0003_img3.png | 7'' inches_0003_img4.png | 7'' inches_0003_img5.png | 7'' inches_0003_img6.svg | 7'' inches_0003_img7.jpg
4,7'' inches,₹112.00,,greenvitality.in,-OLTbOzNpmsCFGTwR8oi,Porcelain Crockery,7,7'' inches_0004_img1.jpg | 7'' inches_0004_img2.jpg | 7'' inches_0004_img3.png | 7'' inches_0004_img4.png | 7'' inches_0004_img5.png | 7'' inches_0004_img6.svg | 7'' inches_0004_img7.jpg
5,9'' inches,₹154.00,,greenvitality.in,-OLTbOzNpmsCFGTwR8oj,Porcelain Crockery,7,9'' inches_0005_img1.jpg | 9'' inches_0005_img2.jpg | 9'' inches_0005_img3.png | 9'' inches_0005_img4.png | 9'' inches_0005_img5.png | 9'' inches_0005_img6.svg | 9'' inches_0005_img7.jpg
6,"10"" inches",₹224.00,,greenvitality.in,-OLTbOzNpmsCFGTwR8ok,Porcelain Crockery,7,10 inches_0006_img1.jpg | 10 inches_0006_img2.jpg | 10 inches_0006_img3.png | 10 inches_0006_img4.png | 10 inches_0006_img5.png | 10 inches_0006_img6.svg | 10 inches_0006_img7.jpg
7,"10"" inches",₹224.00,,greenvitality.in,-OLTbOzNpmsCFGTwR8ol,Porcelain Crockery,7,10 inches_0007_img1.jpg | 10 inches_0007_img2.jpg | 10 inches_0007_img3.png | 10 inches_0007_img4.png | 10 inches_0007_img5.png | 10 inches_0007_img6.svg | 10 inches_0007_img7.jpg
8,"10"" inches",₹224.00,,greenvitality.in,-OLTbOzNpmsCFGTwR8om,Porcelain Crockery,7,10 inches_0008_img1.jpg | 10 inches_0008_img2.jpg | 10 inches_0008_img3.png | 10 inches_0008_img4.png | 10 inches_0008_img5.png | 10 inches_0008_img6.svg | 10 inches_0008_img7.jpg
9,"10"" inches",₹224.00,,greenvitality.in,-OLTbOzNpmsCFGTwR8oo,Porcelain Crockery,7,10 inches_0009_img1.jpg | 10 inches_0009_img2.jpg | 10 inches_0009_img3.png | 10 inches_0009_img4.png | 10 inches_0009_img5.png | 10 inches_0009_img6.svg | 10 inches_0009_img7.jpg
10,"10.5"" inches",₹231.00,,greenvitality.in,-OLTbOzNpmsCFGTwR8oq,Porcelain Crockery,7,10.5 inches_0010_img1.jpg | 10.5 inches_0010_img2.jpg | 10.5 inches_0010_img3.png | 10.5 inches_0010_img4.png | 10.5 inches_0010_img5.png | 10.5 inches_0010_img6.svg | 10.5 inches_0010_img7.jpg
11,"10"" inches",₹189.00,,greenvitality.in,-OLTbOzNpmsCFGTwR8os,Porcelain Crockery,7,10 inches_0011_img1.jpg | 10 inches_0011_img2.jpg | 10 inches_0011_img3.png | 10 inches_0011_img4.png | 10 inches_0011_img5.png | 10 inches_0011_img6.svg | 10 inches_0011_img7.jpg
12,9'' inches,₹224.00,,greenvitality.in,-OLTbOzNpmsCFGTwR8ot,Porcelain Crockery,7,9'' inches_0012_img1.jpg | 9'' inches_0012_img2.jpg | 9'' inches_0012_img3.png | 9'' inches_0012_img4.png | 9'' inches_0012_img5.png | 9'' inches_0012_img6.svg | 9'' inches_0012_img7.jpg
13,H2.5'' D3.5'',₹30.80,,greenvitality.in,-OLTbOzNpmsCFGTwR8ou,Porcelain Crockery,7,H2.5'' D3.5''_0013_img1.jpg | H2.5'' D3.5''_0013_img2.jpg | H2.5'' D3.5''_0013_img3.png | H2.5'' D3.5''_0013_img4.png | H2.5'' D3.5''_0013_img5.png | H2.5'' D3.5''_0013_img6.svg | H2.5'' D3.5''_0013_img7.jpg
14,8'' INCHES,₹109.20,,greenvitality.in,-OK1aODHD61GrGKRKXK3,Porcelain Crockery,7,8'' INCHES_0014_img1.jpg | 8'' INCHES_0014_img2.jpg | 8'' INCHES_0014_img3.png | 8'' INCHES_0014_img4.png | 8'' INCHES_0014_img5.png | 8'' INCHES_0014_img6.svg | 8'' INCHES_0014_img7.jpg
15,9.5'' INCHES,₹133.00,,greenvitality.in,-OK1aODHD61GrGKRKXK5,Porcelain Crockery,7,9.5'' INCHES_0015_img1.jpg | 9.5'' INCHES_0015_img2.jpg | 9.5'' INCHES_0015_img3.png | 9.5'' INCHES_0015_img4.png | 9.5'' INCHES_0015_img5.png | 9.5'' INCHES_0015_img6.svg | 9.5'' INCHES_0015_img7.jpg
16,9'' INCHES,₹133.00,,greenvitality.in,-OK1aODHD61GrGKRKXK7,Porcelain Crockery,7,9'' INCHES_0016_img1.jpg | 9'' INCHES_0016_img2.jpg | 9'' INCHES_0016_img3.png | 9'' INCHES_0016_img4.png | 9'' INCHES_0016_img5.png | 9'' INCHES_0016_img6.svg | 9'' INCHES_0016_img7.jpg
17,9.5'' INCHES,₹133.00,,greenvitality.in,-OK1aODHD61GrGKRKXK8,Porcelain Crockery,7,9.5'' INCHES_0017_img1.jpg | 9.5'' INCHES_0017_img2.jpg | 9.5'' INCHES_0017_img3.png | 9.5'' INCHES_0017_img4.png | 9.5'' INCHES_0017_img5.png | 9.5'' INCHES_0017_img6.svg | 9.5'' INCHES_0017_img7.jpg
18,9.5'' INCHES,₹308.00,,greenvitality.in,-OK1aODHD61GrGKRKXKA,Porcelain Crockery,7,9.5'' INCHES_0018_img1.jpg | 9.5'' INCHES_0018_img2.jpg | 9.5'' INCHES_0018_img3.png | 9.5'' INCHES_0018_img4.png | 9.5'' INCHES_0018_img5.png | 9.5'' INCHES_0018_img6.svg | 9.5'' INCHES_0018_img7.jpg
19,10'' INCHES,₹245.00,,greenvitality.in,-OK1aODHD61GrGKRKXKC,Porcelain Crockery,7,10'' INCHES_0019_img1.jpg | 10'' INCHES_0019_img2.jpg | 10'' INCHES_0019_img3.png | 10'' INCHES_0019_img4.png | 10'' INCHES_0019_img5.png | 10'' INCHES_0019_img6.svg | 10'' INCHES_0019_img7.jpg
20,10'' INCHES,₹245.00,,greenvitality.in,-OK1aODHD61GrGKRKXKD,Porcelain Crockery,7,10'' INCHES_0020_img1.jpg | 10'' INCHES_0020_img2.jpg | 10'' INCHES_0020_img3.png | 10'' INCHES_0020_img4.png | 10'' INCHES_0020_img5.png | 10'' INCHES_0020_img6.svg | 10'' INCHES_0020_img7.jpg
21,10'' INCHES,₹245.00,,greenvitality.in,-OK1aODHD61GrGKRKXKE,Porcelain Crockery,7,10'' INCHES_0021_img1.jpg | 10'' INCHES_0021_img2.jpg | 10'' INCHES_0021_img3.png | 10'' INCHES_0021_img4.png | 10'' INCHES_0021_img5.png | 10'' INCHES_0021_img6.svg | 10'' INCHES_0021_img7.jpg
22,10'' INCHES,₹245.00,,greenvitality.in,-OK1aODHD61GrGKRKXKF,Porcelain Crockery,7,10'' INCHES_0022_img1.jpg | 10'' INCHES_0022_img2.jpg | 10'' INCHES_0022_img3.png | 10'' INCHES_0022_img4.png | 10'' INCHES_0022_img5.png | 10'' INCHES_0022_img6.svg | 10'' INCHES_0022_img7.jpg
23,10'' INCHES,₹245.00,,greenvitality.in,-OK1aODHD61GrGKRKXKG,Porcelain Crockery,7,10'' INCHES_0023_img1.jpg | 10'' INCHES_0023_img2.jpg | 10'' INCHES_0023_img3.png | 10'' INCHES_0023_img4.png | 10'' INCHES_0023_img5.png | 10'' INCHES_0023_img6.svg | 10'' INCHES_0023_img7.jpg
24,10'' INCHES,₹245.00,,greenvitality.in,-OK1aODHD61GrGKRKXKH,Porcelain Crockery,7,10'' INCHES_0024_img1.jpg | 10'' INCHES_0024_img2.jpg | 10'' INCHES_0024_img3.png | 10'' INCHES_0024_img4.png | 10'' INCHES_0024_img5.png | 10'' INCHES_0024_img6.svg | 10'' INCHES_0024_img7.jpg
25,10'' INCHES,₹245.00,,greenvitality.in,-OK1aODHD61GrGKRKXKI,Porcelain Crockery,7,10'' INCHES_0025_img1.jpg | 10'' INCHES_0025_img2.jpg | 10'' INCHES_0025_img3.png | 10'' INCHES_0025_img4.png | 10'' INCHES_0025_img5.png | 10'' INCHES_0025_img6.svg | 10'' INCHES_0025_img7.jpg
26,10'' INCHES,₹245.00,,greenvitality.in,-OK1aODHD61GrGKRKXKK,Porcelain Crockery,7,10'' INCHES_0026_img1.jpg | 10'' INCHES_0026_img2.jpg | 10'' INCHES_0026_img3.png | 10'' INCHES_0026_img4.png | 10'' INCHES_0026_img5.png | 10'' INCHES_0026_img6.svg | 10'' INCHES_0026_img7.jpg
27,12'' INCHES,₹235.20,,greenvitality.in,-OK1aODHD61GrGKRKXKL,Porcelain Crockery,7,12'' INCHES_0027_img1.jpg | 12'' INCHES_0027_img2.jpg | 12'' INCHES_0027_img3.png | 12'' INCHES_0027_img4.png | 12'' INCHES_0027_img5.png | 12'' INCHES_0027_img6.svg | 12'' INCHES_0027_img7.jpg
28,14'' INCHES,₹294.00,,greenvitality.in,-OK1aODHD61GrGKRKXKM,Porcelain Crockery,7,14'' INCHES_0028_img1.jpg | 14'' INCHES_0028_img2.jpg | 14'' INCHES_0028_img3.png | 14'' INCHES_0028_img4.png | 14'' INCHES_0028_img5.png | 14'' INCHES_0028_img6.svg | 14'' INCHES_0028_img7.jpg
29,10'' INCHES,₹245.00,,greenvitality.in,-OK1aODHD61GrGKRKXKN,Porcelain Crockery,7,10'' INCHES_0029_img1.jpg | 10'' INCHES_0029_img2.jpg | 10'' INCHES_0029_img3.png | 10'' INCHES_0029_img4.png | 10'' INCHES_0029_img5.png | 10'' INCHES_0029_img6.svg | 10'' INCHES_0029_img7.jpg
30,13'' INCHES,₹294.00,,greenvitality.in,-OK1aODHD61GrGKRKXKO,Porcelain Crockery,7,13'' INCHES_0030_img1.jpg | 13'' INCHES_0030_img2.jpg | 13'' INCHES_0030_img3.png | 13'' INCHES_0030_img4.png | 13'' INCHES_0030_img5.png | 13'' INCHES_0030_img6.svg | 13'' INCHES_0030_img7.jpg
31,12'' INCHES,₹294.00,,greenvitality.in,-OK1aODHD61GrGKRKXKP,Porcelain Crockery,7,12'' INCHES_0031_img1.jpg | 12'' INCHES_0031_img2.jpg | 12'' INCHES_0031_img3.png | 12'' INCHES_0031_img4.png | 12'' INCHES_0031_img5.png | 12'' INCHES_0031_img6.svg | 12'' INCHES_0031_img7.jpg
32,14'' INCHES,₹294.00,,greenvitality.in,-OK1aODHD61GrGKRKXKQ,Porcelain Crockery,7,14'' INCHES_0032_img1.jpg | 14'' INCHES_0032_img2.jpg | 14'' INCHES_0032_img3.png | 14'' INCHES_0032_img4.png | 14'' INCHES_0032_img5.png | 14'' INCHES_0032_img6.svg | 14'' INCHES_0032_img7.jpg
33,H6.5'' D6.5'',₹231.00,,greenvitality.in,-OK1aODHD61GrGKRKXKR,Porcelain Crockery,7,H6.5'' D6.5''_0033_img1.jpg | H6.5'' D6.5''_0033_img2.jpg | H6.5'' D6.5''_0033_img3.png | H6.5'' D6.5''_0033_img4.png | H6.5'' D6.5''_0033_img5.png | H6.5'' D6.5''_0033_img6.svg | H6.5'' D6.5''_0033_img7.jpg
34,12'' INCHES,₹294.00,,greenvitality.in,-OK1aODHD61GrGKRKXKS,Porcelain Crockery,7,12'' INCHES_0034_img1.jpg | 12'' INCHES_0034_img2.jpg | 12'' INCHES_0034_img3.png | 12'' INCHES_0034_img4.png | 12'' INCHES_0034_img5.png | 12'' INCHES_0034_img6.svg | 12'' INCHES_0034_img7.jpg
35,15'' INCHES,₹441.00,,greenvitality.in,-OK1aODHD61GrGKRKXKT,Porcelain Crockery,7,15'' INCHES_0035_img1.jpg | 15'' INCHES_0035_img2.jpg | 15'' INCHES_0035_img3.png | 15'' INCHES_0035_img4.png | 15'' INCHES_0035_img5.png | 15'' INCHES_0035_img6.svg | 15'' INCHES_0035_img7.jpg
36,H4'' D5'',₹77.00,,greenvitality.in,-OK1aODHD61GrGKRKXKU,Porcelain Crockery,7,H4'' D5''_0036_img1.jpg | H4'' D5''_0036_img2.jpg | H4'' D5''_0036_img3.png | H4'' D5''_0036_img4.png | H4'' D5''_0036_img5.png | H4'' D5''_0036_img6.svg | H4'' D5''_0036_img7.jpg
37,H4'' D5'',₹77.00,,greenvitality.in,-OK1aODHD61GrGKRKXKW,Porcelain Crockery,7,H4'' D5''_0037_img1.jpg | H4'' D5''_0037_img2.jpg | H4'' D5''_0037_img3.png | H4'' D5''_0037_img4.png | H4'' D5''_0037_img5.png | H4'' D5''_0037_img6.svg | H4'' D5''_0037_img7.jpg
38,H4'' D5'',₹77.00,,greenvitality.in,-OK1aODHD61GrGKRKXKX,Porcelain Crockery,7,H4'' D5''_0038_img1.jpg | H4'' D5''_0038_img2.jpg | H4'' D5''_0038_img3.png | H4'' D5''_0038_img4.png | H4'' D5''_0038_img5.png | H4'' D5''_0038_img6.svg | H4'' D5''_0038_img7.jpg
39,H4'' D5'',₹77.00,,greenvitality.in,-OK1aODHD61GrGKRKXKY,Porcelain Crockery,7,H4'' D5''_0039_img1.jpg | H4'' D5''_0039_img2.jpg | H4'' D5''_0039_img3.png | H4'' D5''_0039_img4.png | H4'' D5''_0039_img5.png | H4'' D5''_0039_img6.svg | H4'' D5''_0039_img7.jpg
40,H4'' D5'',₹77.00,,greenvitality.in,-OK1aODHD61GrGKRKXKZ,Porcelain Crockery,7,H4'' D5''_0040_img1.jpg | H4'' D5''_0040_img2.jpg | H4'' D5''_0040_img3.png | H4'' D5''_0040_img4.png | H4'' D5''_0040_img5.png | H4'' D5''_0040_img6.svg | H4'' D5''_0040_img7.jpg
41,10.5'' INCHES,₹259.00,,greenvitality.in,-OK1aODHD61GrGKRKXK_,Porcelain Crockery,7,10.5'' INCHES_0041_img1.jpg | 10.5'' INCHES_0041_img2.jpg | 10.5'' INCHES_0041_img3.png | 10.5'' INCHES_0041_img4.png | 10.5'' INCHES_0041_img5.png | 10.5'' INCHES_0041_img6.svg | 10.5'' INCHES_0041_img7.jpg
42,12'' INCHES,₹245.00,,greenvitality.in,-OK1aODHD61GrGKRKXKa,Porcelain Crockery,7,12'' INCHES_0042_img1.jpg | 12'' INCHES_0042_img2.jpg | 12'' INCHES_0042_img3.png | 12'' INCHES_0042_img4.png | 12'' INCHES_0042_img5.png | 12'' INCHES_0042_img6.svg | 12'' INCHES_0042_img7.jpg
43,10.5'' INCHES,₹252.00,,greenvitality.in,-OK1aODHD61GrGKRKXKc,Porcelain Crockery,7,10.5'' INCHES_0043_img1.jpg | 10.5'' INCHES_0043_img2.jpg | 10.5'' INCHES_0043_img3.png | 10.5'' INCHES_0043_img4.png | 10.5'' INCHES_0043_img5.png | 10.5'' INCHES_0043_img6.svg | 10.5'' INCHES_0043_img7.jpg
44,10.5'' INCHES,₹252.00,,greenvitality.in,-OK1aODHD61GrGKRKXKe,Porcelain Crockery,7,10.5'' INCHES_0044_img1.jpg | 10.5'' INCHES_0044_img2.jpg | 10.5'' INCHES_0044_img3.png | 10.5'' INCHES_0044_img4.png | 10.5'' INCHES_0044_img5.png | 10.5'' INCHES_0044_img6.svg | 10.5'' INCHES_0044_img7.jpg
45,10.5'' INCHES,₹252.00,,greenvitality.in,-OK1aODHD61GrGKRKXKf,Porcelain Crockery,7,10.5'' INCHES_0045_img1.jpg | 10.5'' INCHES_0045_img2.jpg | 10.5'' INCHES_0045_img3.png | 10.5'' INCHES_0045_img4.png | 10.5'' INCHES_0045_img5.png | 10.5'' INCHES_0045_img6.svg | 10.5'' INCHES_0045_img7.jpg
46,10.5'' INCHES,₹245.00,,greenvitality.in,-OK1aODHD61GrGKRKXKg,Porcelain Crockery,7,10.5'' INCHES_0046_img1.jpg | 10.5'' INCHES_0046_img2.jpg | 10.5'' INCHES_0046_img3.png | 10.5'' INCHES_0046_img4.png | 10.5'' INCHES_0046_img5.png | 10.5'' INCHES_0046_img6.svg | 10.5'' INCHES_0046_img7.jpg
47,10.5'' INCHES,₹245.00,,greenvitality.in,-OK1aODHD61GrGKRKXKh,Porcelain Crockery,7,10.5'' INCHES_0047_img1.jpg | 10.5'' INCHES_0047_img2.jpg | 10.5'' INCHES_0047_img3.png | 10.5'' INCHES_0047_img4.png | 10.5'' INCHES_0047_img5.png | 10.5'' INCHES_0047_img6.svg | 10.5'' INCHES_0047_img7.jpg
48,7'' INCHES,₹109.20,,greenvitality.in,-OK1aODHD61GrGKRKXKi,Porcelain Crockery,7,7'' INCHES_0048_img1.jpg | 7'' INCHES_0048_img2.jpg | 7'' INCHES_0048_img3.png | 7'' INCHES_0048_img4.png | 7'' INCHES_0048_img5.png | 7'' INCHES_0048_img6.svg | 7'' INCHES_0048_img7.jpg
49,10.5'' INCHES,₹245.00,,greenvitality.in,-OK1aODHD61GrGKRKXKj,Porcelain Crockery,7,10.5'' INCHES_0049_img1.jpg | 10.5'' INCHES_0049_img2.jpg | 10.5'' INCHES_0049_img3.png | 10.5'' INCHES_0049_img4.png | 10.5'' INCHES_0049_img5.png | 10.5'' INCHES_0049_img6.svg | 10.5'' INCHES_0049_img7.jpg
50,8.5'' INCHES,₹138.60,,greenvitality.in,-OK1aODHD61GrGKRKXKk,Porcelain Crockery,7,8.5'' INCHES_0050_img1.jpg | 8.5'' INCHES_0050_img2.jpg | 8.5'' INCHES_0050_img3.png | 8.5'' INCHES_0050_img4.png | 8.5'' INCHES_0050_img5.png | 8.5'' INCHES_0050_img6.svg | 8.5'' INCHES_0050_img7.jpg
51,10.5'' INCHES,₹245.00,,greenvitality.in,-OK1aODHD61GrGKRKXKl,Porcelain Crockery,7,10.5'' INCHES_0051_img1.jpg | 10.5'' INCHES_0051_img2.jpg | 10.5'' INCHES_0051_img3.png | 10.5'' INCHES_0051_img4.png | 10.5'' INCHES_0051_img5.png | 10.5'' INCHES_0051_img6.svg | 10.5'' INCHES_0051_img7.jpg
52,10.5'' INCHES,₹245.00,,greenvitality.in,-OK1aODHD61GrGKRKXKm,Porcelain Crockery,7,10.5'' INCHES_0052_img1.jpg | 10.5'' INCHES_0052_img2.jpg | 10.5'' INCHES_0052_img3.png | 10.5'' INCHES_0052_img4.png | 10.5'' INCHES_0052_img5.png | 10.5'' INCHES_0052_img6.svg | 10.5'' INCHES_0052_img7.jpg
53,8.5'' INCHES,₹138.60,,greenvitality.in,-OK1aODHD61GrGKRKXKn,Porcelain Crockery,7,8.5'' INCHES_0053_img1.jpg | 8.5'' INCHES_0053_img2.jpg | 8.5'' INCHES_0053_img3.png | 8.5'' INCHES_0053_img4.png | 8.5'' INCHES_0053_img5.png | 8.5'' INCHES_0053_img6.svg | 8.5'' INCHES_0053_img7.jpg
54,11'' INCHES,₹259.00,,greenvitality.in,-OK1aODHD61GrGKRKXKo,Porcelain Crockery,7,11'' INCHES_0054_img1.jpg | 11'' INCHES_0054_img2.jpg | 11'' INCHES_0054_img3.png | 11'' INCHES_0054_img4.png | 11'' INCHES_0054_img5.png | 11'' INCHES_0054_img6.svg | 11'' INCHES_0054_img7.jpg
55,10.5'' INCHES,₹245.00,,greenvitality.in,-OK1aODHD61GrGKRKXKp,Porcelain Crockery,7,10.5'' INCHES_0055_img1.jpg | 10.5'' INCHES_0055_img2.jpg | 10.5'' INCHES_0055_img3.png | 10.5'' INCHES_0055_img4.png | 10.5'' INCHES_0055_img5.png | 10.5'' INCHES_0055_img6.svg | 10.5'' INCHES_0055_img7.jpg
56,10.5'' INCHES,₹259.00,,greenvitality.in,-OK1aODHD61GrGKRKXKq,Porcelain Crockery,7,10.5'' INCHES_0056_img1.jpg | 10.5'' INCHES_0056_img2.jpg | 10.5'' INCHES_0056_img3.png | 10.5'' INCHES_0056_img4.png | 10.5'' INCHES_0056_img5.png | 10.5'' INCHES_0056_img6.svg | 10.5'' INCHES_0056_img7.jpg
57,12'' INCHES,₹259.00,,greenvitality.in,-OK1aODHD61GrGKRKXKr,Porcelain Crockery,7,12'' INCHES_0057_img1.jpg | 12'' INCHES_0057_img2.jpg | 12'' INCHES_0057_img3.png | 12'' INCHES_0057_img4.png | 12'' INCHES_0057_img5.png | 12'' INCHES_0057_img6.svg | 12'' INCHES_0057_img7.jpg
58,10.5'' INCHES,₹245.00,,greenvitality.in,-OK1aODHD61GrGKRKXKs,Porcelain Crockery,7,10.5'' INCHES_0058_img1.jpg | 10.5'' INCHES_0058_img2.jpg | 10.5'' INCHES_0058_img3.png | 10.5'' INCHES_0058_img4.png | 10.5'' INCHES_0058_img5.png | 10.5'' INCHES_0058_img6.svg | 10.5'' INCHES_0058_img7.jpg
59,11'' INCHES,₹259.00,,greenvitality.in,-OK1aODHD61GrGKRKXKt,Porcelain Crockery,7,11'' INCHES_0059_img1.jpg | 11'' INCHES_0059_img2.jpg | 11'' INCHES_0059_img3.png | 11'' INCHES_0059_img4.png | 11'' INCHES_0059_img5.png | 11'' INCHES_0059_img6.svg | 11'' INCHES_0059_img7.jpg
60,7'' INCHES,₹109.20,,greenvitality.in,-OK1aODIx01UCim4udbC,Porcelain Crockery,7,7'' INCHES_0060_img1.jpg | 7'' INCHES_0060_img2.jpg | 7'' INCHES_0060_img3.png | 7'' INCHES_0060_img4.png | 7'' INCHES_0060_img5.png | 7'' INCHES_0060_img6.svg | 7'' INCHES_0060_img7.jpg
61,8'' INCHES,₹119.00,,greenvitality.in,-OK1aODIx01UCim4udbD,Porcelain Crockery,7,8'' INCHES_0061_img1.jpg | 8'' INCHES_0061_img2.jpg | 8'' INCHES_0061_img3.png | 8'' INCHES_0061_img4.png | 8'' INCHES_0061_img5.png | 8'' INCHES_0061_img6.svg | 8'' INCHES_0061_img7.jpg
62,8.5'' INCHES,₹133.00,,greenvitality.in,-OK1aODIx01UCim4udbE,Porcelain Crockery,7,8.5'' INCHES_0062_img1.jpg | 8.5'' INCHES_0062_img2.jpg | 8.5'' INCHES_0062_img3.png | 8.5'' INCHES_0062_img4.png | 8.5'' INCHES_0062_img5.png | 8.5'' INCHES_0062_img6.svg | 8.5'' INCHES_0062_img7.jpg
63,11.5'' INCHES,₹399.00,,greenvitality.in,-OK1aODIx01UCim4udbF,Porcelain Crockery,7,11.5'' INCHES_0063_img1.jpg | 11.5'' INCHES_0063_img2.jpg | 11.5'' INCHES_0063_img3.png | 11.5'' INCHES_0063_img4.png | 11.5'' INCHES_0063_img5.png | 11.5'' INCHES_0063_img6.svg | 11.5'' INCHES_0063_img7.jpg
64,7'' INCHES,₹119.00,,greenvitality.in,-OK1aODIx01UCim4udbH,Porcelain Crockery,7,7'' INCHES_0064_img1.jpg | 7'' INCHES_0064_img2.jpg | 7'' INCHES_0064_img3.png | 7'' INCHES_0064_img4.png | 7'' INCHES_0064_img5.png | 7'' INCHES_0064_img6.svg | 7'' INCHES_0064_img7.jpg
65,12'' INCHES,₹399.00,,greenvitality.in,-OK1aODIx01UCim4udbI,Porcelain Crockery,7,12'' INCHES_0065_img1.jpg | 12'' INCHES_0065_img2.jpg | 12'' INCHES_0065_img3.png | 12'' INCHES_0065_img4.png | 12'' INCHES_0065_img5.png | 12'' INCHES_0065_img6.svg | 12'' INCHES_0065_img7.jpg
66,16'' INCHES,₹448.00,,greenvitality.in,-OK1aODIx01UCim4udbK,Porcelain Crockery,7,16'' INCHES_0066_img1.jpg | 16'' INCHES_0066_img2.jpg | 16'' INCHES_0066_img3.png | 16'' INCHES_0066_img4.png | 16'' INCHES_0066_img5.png | 16'' INCHES_0066_img6.svg | 16'' INCHES_0066_img7.jpg
67,11.5'' INCHES,₹406.00,,greenvitality.in,-OK1aODIx01UCim4udbL,Porcelain Crockery,7,11.5'' INCHES_0067_img1.jpg | 11.5'' INCHES_0067_img2.jpg | 11.5'' INCHES_0067_img3.png | 11.5'' INCHES_0067_img4.png | 11.5'' INCHES_0067_img5.png | 11.5'' INCHES_0067_img6.svg | 11.5'' INCHES_0067_img7.jpg
68,13.5'' INCHES,₹406.00,,greenvitality.in,-OK1aODIx01UCim4udbM,Porcelain Crockery,7,13.5'' INCHES_0068_img1.jpg | 13.5'' INCHES_0068_img2.jpg | 13.5'' INCHES_0068_img3.png | 13.5'' INCHES_0068_img4.png | 13.5'' INCHES_0068_img5.png | 13.5'' INCHES_0068_img6.svg | 13.5'' INCHES_0068_img7.jpg
69,15.5'' INCHES,₹406.00,,greenvitality.in,-OK1aODIx01UCim4udbN,Porcelain Crockery,7,15.5'' INCHES_0069_img1.jpg | 15.5'' INCHES_0069_img2.jpg | 15.5'' INCHES_0069_img3.png | 15.5'' INCHES_0069_img4.png | 15.5'' INCHES_0069_img5.png | 15.5'' INCHES_0069_img6.svg | 15.5'' INCHES_0069_img7.jpg
70,13'' INCHES,₹448.00,,greenvitality.in,-OK1aODIx01UCim4udbO,Porcelain Crockery,7,13'' INCHES_0070_img1.jpg | 13'' INCHES_0070_img2.jpg | 13'' INCHES_0070_img3.png | 13'' INCHES_0070_img4.png | 13'' INCHES_0070_img5.png | 13'' INCHES_0070_img6.svg | 13'' INCHES_0070_img7.jpg
71,10'' INCHES,₹259.00,,greenvitality.in,-OK1aODIx01UCim4udbP,Porcelain Crockery,7,10'' INCHES_0071_img1.jpg | 10'' INCHES_0071_img2.jpg | 10'' INCHES_0071_img3.png | 10'' INCHES_0071_img4.png | 10'' INCHES_0071_img5.png | 10'' INCHES_0071_img6.svg | 10'' INCHES_0071_img7.jpg
72,15'' INCHES,₹343.00,,greenvitality.in,-OK1aODIx01UCim4udbQ,Porcelain Crockery,7,15'' INCHES_0072_img1.jpg | 15'' INCHES_0072_img2.jpg | 15'' INCHES_0072_img3.png | 15'' INCHES_0072_img4.png | 15'' INCHES_0072_img5.png | 15'' INCHES_0072_img6.svg | 15'' INCHES_0072_img7.jpg
73,13'' INCHES,₹455.00,,greenvitality.in,-OK1aODIx01UCim4udbR,Porcelain Crockery,7,13'' INCHES_0073_img1.jpg | 13'' INCHES_0073_img2.jpg | 13'' INCHES_0073_img3.png | 13'' INCHES_0073_img4.png | 13'' INCHES_0073_img5.png | 13'' INCHES_0073_img6.svg | 13'' INCHES_0073_img7.jpg
74,15'' INCHES,₹294.00,,greenvitality.in,-OK1aODIx01UCim4udbS,Porcelain Crockery,7,15'' INCHES_0074_img1.jpg | 15'' INCHES_0074_img2.jpg | 15'' INCHES_0074_img3.png | 15'' INCHES_0074_img4.png | 15'' INCHES_0074_img5.png | 15'' INCHES_0074_img6.svg | 15'' INCHES_0074_img7.jpg
75,15'' INCHES,₹294.00,,greenvitality.in,-OK1aODIx01UCim4udbT,Porcelain Crockery,7,15'' INCHES_0075_img1.jpg | 15'' INCHES_0075_img2.jpg | 15'' INCHES_0075_img3.png | 15'' INCHES_0075_img4.png | 15'' INCHES_0075_img5.png | 15'' INCHES_0075_img6.svg | 15'' INCHES_0075_img7.jpg
76,4'' INCHES,₹91.00,,greenvitality.in,-OK1aODIx01UCim4udbU,Porcelain Crockery,7,4'' INCHES_0076_img1.jpg | 4'' INCHES_0076_img2.jpg | 4'' INCHES_0076_img3.png | 4'' INCHES_0076_img4.png | 4'' INCHES_0076_img5.png | 4'' INCHES_0076_img6.svg | 4'' INCHES_0076_img7.jpg
77,3.5'' INCHES,₹67.20,,greenvitality.in,-OK1aODIx01UCim4udbV,Porcelain Crockery,7,3.5'' INCHES_0077_img1.jpg | 3.5'' INCHES_0077_img2.jpg | 3.5'' INCHES_0077_img3.png | 3.5'' INCHES_0077_img4.png | 3.5'' INCHES_0077_img5.png | 3.5'' INCHES_0077_img6.svg | 3.5'' INCHES_0077_img7.jpg
78,14'' INCHES,₹294.00,,greenvitality.in,-OK1aODIx01UCim4udbW,Porcelain Crockery,7,14'' INCHES_0078_img1.jpg | 14'' INCHES_0078_img2.jpg | 14'' INCHES_0078_img3.png | 14'' INCHES_0078_img4.png | 14'' INCHES_0078_img5.png | 14'' INCHES_0078_img6.svg | 14'' INCHES_0078_img7.jpg
79,15.5'' INCHES,₹399.00,,greenvitality.in,-OI5eIC9KwqNoT4FvYay,Porcelain Crockery,7,15.5'' INCHES_0079_img1.jpg | 15.5'' INCHES_0079_img2.jpg | 15.5'' INCHES_0079_img3.png | 15.5'' INCHES_0079_img4.png | 15.5'' INCHES_0079_img5.png | 15.5'' INCHES_0079_img6.svg | 15.5'' INCHES_0079_img7.jpg
80,9'' INCHES,₹294.00,,greenvitality.in,-OI5eIC9KwqNoT4FvYb-,Porcelain Crockery,7,9'' INCHES_0080_img1.jpg | 9'' INCHES_0080_img2.jpg | 9'' INCHES_0080_img3.png | 9'' INCHES_0080_img4.png | 9'' INCHES_0080_img5.png | 9'' INCHES_0080_img6.svg | 9'' INCHES_0080_img7.jpg
81,H4'' D5'',₹81.20,,greenvitality.in,-OI5eIC9KwqNoT4FvYb0,Porcelain Crockery,7,H4'' D5''_0081_img1.jpg | H4'' D5''_0081_img2.jpg | H4'' D5''_0081_img3.png | H4'' D5''_0081_img4.png | H4'' D5''_0081_img5.png | H4'' D5''_0081_img6.svg | H4'' D5''_0081_img7.jpg
82,12'' INCHES,₹259.00,,greenvitality.in,-OI5eIC9KwqNoT4FvYb1,Porcelain Crockery,7,12'' INCHES_0082_img1.jpg | 12'' INCHES_0082_img2.jpg | 12'' INCHES_0082_img3.png | 12'' INCHES_0082_img4.png | 12'' INCHES_0082_img5.png | 12'' INCHES_0082_img6.svg | 12'' INCHES_0082_img7.jpg
83,H2.5'' D3.5'',₹39.20,,greenvitality.in,-OI5eIC9KwqNoT4FvYb3,Porcelain Crockery,7,H2.5'' D3.5''_0083_img1.jpg | H2.5'' D3.5''_0083_img2.jpg | H2.5'' D3.5''_0083_img3.png | H2.5'' D3.5''_0083_img4.png | H2.5'' D3.5''_0083_img5.png | H2.5'' D3.5''_0083_img6.svg | H2.5'' D3.5''_0083_img7.jpg
84,8'' INCHES,₹221.20,,greenvitality.in,-OI5eIC9KwqNoT4FvYb4,Porcelain Crockery,7,8'' INCHES_0084_img1.jpg | 8'' INCHES_0084_img2.jpg | 8'' INCHES_0084_img3.png | 8'' INCHES_0084_img4.png | 8'' INCHES_0084_img5.png | 8'' INCHES_0084_img6.svg | 8'' INCHES_0084_img7.jpg
85,12'' INCHES,₹238.00,,greenvitality.in,-OI5eIC9KwqNoT4FvYb5,Porcelain Crockery,7,12'' INCHES_0085_img1.jpg | 12'' INCHES_0085_img2.jpg | 12'' INCHES_0085_img3.png | 12'' INCHES_0085_img4.png | 12'' INCHES_0085_img5.png | 12'' INCHES_0085_img6.svg | 12'' INCHES_0085_img7.jpg
86,14'' INCHES,₹399.00,,greenvitality.in,-OI5eIC9KwqNoT4FvYb6,Porcelain Crockery,7,14'' INCHES_0086_img1.jpg | 14'' INCHES_0086_img2.jpg | 14'' INCHES_0086_img3.png | 14'' INCHES_0086_img4.png | 14'' INCHES_0086_img5.png | 14'' INCHES_0086_img6.svg | 14'' INCHES_0086_img7.jpg
87,11.5'' INCHES,₹294.00,,greenvitality.in,-OI5eICAx1aAF6PiDjED,Porcelain Crockery,7,11.5'' INCHES_0087_img1.jpg | 11.5'' INCHES_0087_img2.jpg | 11.5'' INCHES_0087_img3.png | 11.5'' INCHES_0087_img4.png | 11.5'' INCHES_0087_img5.png | 11.5'' INCHES_0087_img6.svg | 11.5'' INCHES_0087_img7.jpg
88,15'' INCHES,₹399.00,,greenvitality.in,-OI5eICAx1aAF6PiDjEF,Porcelain Crockery,7,15'' INCHES_0088_img1.jpg | 15'' INCHES_0088_img2.jpg | 15'' INCHES_0088_img3.png | 15'' INCHES_0088_img4.png | 15'' INCHES_0088_img5.png | 15'' INCHES_0088_img6.svg | 15'' INCHES_0088_img7.jpg
89,10'' INCHES,₹294.00,,greenvitality.in,-OI5eICAx1aAF6PiDjEH,Porcelain Crockery,7,10'' INCHES_0089_img1.jpg | 10'' INCHES_0089_img2.jpg | 10'' INCHES_0089_img3.png | 10'' INCHES_0089_img4.png | 10'' INCHES_0089_img5.png | 10'' INCHES_0089_img6.svg | 10'' INCHES_0089_img7.jpg
90,12.5'' INCHES,₹455.00,,greenvitality.in,-OI5eICAx1aAF6PiDjEJ,Porcelain Crockery,7,12.5'' INCHES_0090_img1.jpg | 12.5'' INCHES_0090_img2.jpg | 12.5'' INCHES_0090_img3.png | 12.5'' INCHES_0090_img4.png | 12.5'' INCHES_0090_img5.png | 12.5'' INCHES_0090_img6.svg | 12.5'' INCHES_0090_img7.jpg
91,10'' INCHES,₹294.00,,greenvitality.in,-OI5eICAx1aAF6PiDjEK,Porcelain Crockery,7,10'' INCHES_0091_img1.jpg | 10'' INCHES_0091_img2.jpg | 10'' INCHES_0091_img3.png | 10'' INCHES_0091_img4.png | 10'' INCHES_0091_img5.png | 10'' INCHES_0091_img6.svg | 10'' INCHES_0091_img7.jpg
92,10.5'' INCHES,₹329.00,,greenvitality.in,-OI5eICAx1aAF6PiDjEL,Porcelain Crockery,7,10.5'' INCHES_0092_img1.jpg | 10.5'' INCHES_0092_img2.jpg | 10.5'' INCHES_0092_img3.png | 10.5'' INCHES_0092_img4.png | 10.5'' INCHES_0092_img5.png | 10.5'' INCHES_0092_img6.svg | 10.5'' INCHES_0092_img7.jpg
93,11'' INCHES,₹294.00,,greenvitality.in,-OI5eICAx1aAF6PiDjEO,Porcelain Crockery,7,11'' INCHES_0093_img1.jpg | 11'' INCHES_0093_img2.jpg | 11'' INCHES_0093_img3.png | 11'' INCHES_0093_img4.png | 11'' INCHES_0093_img5.png | 11'' INCHES_0093_img6.svg | 11'' INCHES_0093_img7.jpg
94,12'' INCHES,₹294.00,,greenvitality.in,-OI5eICAx1aAF6PiDjEP,Porcelain Crockery,7,12'' INCHES_0094_img1.jpg | 12'' INCHES_0094_img2.jpg | 12'' INCHES_0094_img3.png | 12'' INCHES_0094_img4.png | 12'' INCHES_0094_img5.png | 12'' INCHES_0094_img6.svg | 12'' INCHES_0094_img7.jpg
95,12'' INCHES,₹221.20,,greenvitality.in,-OI5eICAx1aAF6PiDjEQ,Porcelain Crockery,7,12'' INCHES_0095_img1.jpg | 12'' INCHES_0095_img2.jpg | 12'' INCHES_0095_img3.png | 12'' INCHES_0095_img4.png | 12'' INCHES_0095_img5.png | 12'' INCHES_0095_img6.svg | 12'' INCHES_0095_img7.jpg
96,9.5'' INCHES,₹259.00,,greenvitality.in,-OI5eICAx1aAF6PiDjET,Porcelain Crockery,7,9.5'' INCHES_0096_img1.jpg | 9.5'' INCHES_0096_img2.jpg | 9.5'' INCHES_0096_img3.png | 9.5'' INCHES_0096_img4.png | 9.5'' INCHES_0096_img5.png | 9.5'' INCHES_0096_img6.svg | 9.5'' INCHES_0096_img7.jpg
97,8'' INCHES,₹221.20,,greenvitality.in,-OI5eICAx1aAF6PiDjEU,Porcelain Crockery,7,8'' INCHES_0097_img1.jpg | 8'' INCHES_0097_img2.jpg | 8'' INCHES_0097_img3.png | 8'' INCHES_0097_img4.png | 8'' INCHES_0097_img5.png | 8'' INCHES_0097_img6.svg | 8'' INCHES_0097_img7.jpg
98,7'' INCHES,₹165.20,,greenvitality.in,-OI5eICAx1aAF6PiDjEW,Porcelain Crockery,7,7'' INCHES_0098_img1.jpg | 7'' INCHES_0098_img2.jpg | 7'' INCHES_0098_img3.png | 7'' INCHES_0098_img4.png | 7'' INCHES_0098_img5.png | 7'' INCHES_0098_img6.svg | 7'' INCHES_0098_img7.jpg
99,7.5'' INCHES,₹165.20,,greenvitality.in,-OI5eICAx1aAF6PiDjEX,Porcelain Crockery,7,7.5'' INCHES_0099_img1.jpg | 7.5'' INCHES_0099_img2.jpg | 7.5'' INCHES_0099_img3.png | 7.5'' INCHES_0099_img4.png | 7.5'' INCHES_0099_img5.png | 7.5'' INCHES_0099_img6.svg | 7.5'' INCHES_0099_img7.jpg
100,12'' INCHES,₹273.00,,greenvitality.in,-OI5eICAx1aAF6PiDjEY,Porcelain Crockery,7,12'' INCHES_0100_img1.jpg | 12'' INCHES_0100_img2.jpg | 12'' INCHES_0100_img3.png | 12'' INCHES_0100_img4.png | 12'' INCHES_0100_img5.png | 12'' INCHES_0100_img6.svg | 12'' INCHES_0100_img7.jpg
101,9'' INCHES,₹128.80,,greenvitality.in,-OI5eICAx1aAF6PiDjEZ,Porcelain Crockery,7,9'' INCHES_0101_img1.jpg | 9'' INCHES_0101_img2.jpg | 9'' INCHES_0101_img3.png | 9'' INCHES_0101_img4.png | 9'' INCHES_0101_img5.png | 9'' INCHES_0101_img6.svg | 9'' INCHES_0101_img7.jpg
102,10'' INCHES,₹221.20,,greenvitality.in,-OI5eICAx1aAF6PiDjE_,Porcelain Crockery,7,10'' INCHES_0102_img1.jpg | 10'' INCHES_0102_img2.jpg | 10'' INCHES_0102_img3.png | 10'' INCHES_0102_img4.png | 10'' INCHES_0102_img5.png | 10'' INCHES_0102_img6.svg | 10'' INCHES_0102_img7.jpg
103,10.5'' INCHES,₹221.20,,greenvitality.in,-OI5eICAx1aAF6PiDjEa,Porcelain Crockery,7,10.5'' INCHES_0103_img1.jpg | 10.5'' INCHES_0103_img2.jpg | 10.5'' INCHES_0103_img3.png | 10.5'' INCHES_0103_img4.png | 10.5'' INCHES_0103_img5.png | 10.5'' INCHES_0103_img6.svg | 10.5'' INCHES_0103_img7.jpg
104,10'' INCHES,₹221.20,,greenvitality.in,-OI5eICAx1aAF6PiDjEb,Porcelain Crockery,7,10'' INCHES_0104_img1.jpg | 10'' INCHES_0104_img2.jpg | 10'' INCHES_0104_img3.png | 10'' INCHES_0104_img4.png | 10'' INCHES_0104_img5.png | 10'' INCHES_0104_img6.svg | 10'' INCHES_0104_img7.jpg
105,14'' INCHES,₹294.00,,greenvitality.in,-OI5eICAx1aAF6PiDjEc,Porcelain Crockery,7,14'' INCHES_0105_img1.jpg | 14'' INCHES_0105_img2.jpg | 14'' INCHES_0105_img3.png | 14'' INCHES_0105_img4.png | 14'' INCHES_0105_img5.png | 14'' INCHES_0105_img6.svg | 14'' INCHES_0105_img7.jpg
106,10'' INCHES,₹221.20,,greenvitality.in,-OI5eICAx1aAF6PiDjEd,Porcelain Crockery,7,10'' INCHES_0106_img1.jpg | 10'' INCHES_0106_img2.jpg | 10'' INCHES_0106_img3.png | 10'' INCHES_0106_img4.png | 10'' INCHES_0106_img5.png | 10'' INCHES_0106_img6.svg | 10'' INCHES_0106_img7.jpg
107,5.5'' INCHES,₹91.00,,greenvitality.in,-OI5eICAx1aAF6PiDjEe,Porcelain Crockery,7,5.5'' INCHES_0107_img1.jpg | 5.5'' INCHES_0107_img2.jpg | 5.5'' INCHES_0107_img3.png | 5.5'' INCHES_0107_img4.png | 5.5'' INCHES_0107_img5.png | 5.5'' INCHES_0107_img6.svg | 5.5'' INCHES_0107_img7.jpg
108,6'' INCHES,₹138.60,,greenvitality.in,-OI5eICAx1aAF6PiDjEf,Porcelain Crockery,7,6'' INCHES_0108_img1.jpg | 6'' INCHES_0108_img2.jpg | 6'' INCHES_0108_img3.png | 6'' INCHES_0108_img4.png | 6'' INCHES_0108_img5.png | 6'' INCHES_0108_img6.svg | 6'' INCHES_0108_img7.jpg
109,6'' INCHES,₹165.20,,greenvitality.in,-OI5eICAx1aAF6PiDjEg,Porcelain Crockery,7,6'' INCHES_0109_img1.jpg | 6'' INCHES_0109_img2.jpg | 6'' INCHES_0109_img3.png | 6'' INCHES_0109_img4.png | 6'' INCHES_0109_img5.png | 6'' INCHES_0109_img6.svg | 6'' INCHES_0109_img7.jpg
110,6'' INCHES,₹165.20,,greenvitality.in,-OI5eICAx1aAF6PiDjEh,Porcelain Crockery,7,6'' INCHES_0110_img1.jpg | 6'' INCHES_0110_img2.jpg | 6'' INCHES_0110_img3.png | 6'' INCHES_0110_img4.png | 6'' INCHES_0110_img5.png | 6'' INCHES_0110_img6.svg | 6'' INCHES_0110_img7.jpg
111,7.5'' INCHES,₹259.00,,greenvitality.in,-OI5eICAx1aAF6PiDjEi,Porcelain Crockery,7,7.5'' INCHES_0111_img1.jpg | 7.5'' INCHES_0111_img2.jpg | 7.5'' INCHES_0111_img3.png | 7.5'' INCHES_0111_img4.png | 7.5'' INCHES_0111_img5.png | 7.5'' INCHES_0111_img6.svg | 7.5'' INCHES_0111_img7.jpg
112,8'' INCHES,₹259.00,,greenvitality.in,-OI5eICAx1aAF6PiDjEj,Porcelain Crockery,7,8'' INCHES_0112_img1.jpg | 8'' INCHES_0112_img2.jpg | 8'' INCHES_0112_img3.png | 8'' INCHES_0112_img4.png | 8'' INCHES_0112_img5.png | 8'' INCHES_0112_img6.svg | 8'' INCHES_0112_img7.jpg
113,5'' INCHES,₹208.60,,greenvitality.in,-OI5eICAx1aAF6PiDjEk,Porcelain Crockery,7,5'' INCHES_0113_img1.jpg | 5'' INCHES_0113_img2.jpg | 5'' INCHES_0113_img3.png | 5'' INCHES_0113_img4.png | 5'' INCHES_0113_img5.png | 5'' INCHES_0113_img6.svg | 5'' INCHES_0113_img7.jpg
114,11'' INCHES,₹221.20,,greenvitality.in,-OI5eICAx1aAF6PiDjEm,Porcelain Crockery,7,11'' INCHES_0114_img1.jpg | 11'' INCHES_0114_img2.jpg | 11'' INCHES_0114_img3.png | 11'' INCHES_0114_img4.png | 11'' INCHES_0114_img5.png | 11'' INCHES_0114_img6.svg | 11'' INCHES_0114_img7.jpg
115,13.5'' INCHES,₹294.00,,greenvitality.in,-OI5eICAx1aAF6PiDjEn,Porcelain Crockery,7,13.5'' INCHES_0115_img1.jpg | 13.5'' INCHES_0115_img2.jpg | 13.5'' INCHES_0115_img3.png | 13.5'' INCHES_0115_img4.png | 13.5'' INCHES_0115_img5.png | 13.5'' INCHES_0115_img6.svg | 13.5'' INCHES_0115_img7.jpg
116,12.5'' INCHES,₹259.00,,greenvitality.in,-OI5eICAx1aAF6PiDjEo,Porcelain Crockery,7,12.5'' INCHES_0116_img1.jpg | 12.5'' INCHES_0116_img2.jpg | 12.5'' INCHES_0116_img3.png | 12.5'' INCHES_0116_img4.png | 12.5'' INCHES_0116_img5.png | 12.5'' INCHES_0116_img6.svg | 12.5'' INCHES_0116_img7.jpg
117,15'' INCHES,₹329.00,,greenvitality.in,-OI5eICAx1aAF6PiDjEp,Porcelain Crockery,7,15'' INCHES_0117_img1.jpg | 15'' INCHES_0117_img2.jpg | 15'' INCHES_0117_img3.png | 15'' INCHES_0117_img4.png | 15'' INCHES_0117_img5.png | 15'' INCHES_0117_img6.svg | 15'' INCHES_0117_img7.jpg
118,13.5'' INCHES,₹294.00,,greenvitality.in,-OI5eICAx1aAF6PiDjEq,Porcelain Crockery,7,13.5'' INCHES_0118_img1.jpg | 13.5'' INCHES_0118_img2.jpg | 13.5'' INCHES_0118_img3.png | 13.5'' INCHES_0118_img4.png | 13.5'' INCHES_0118_img5.png | 13.5'' INCHES_0118_img6.svg | 13.5'' INCHES_0118_img7.jpg
119,13'' INCHES,₹259.00,,greenvitality.in,-OI5eICAx1aAF6PiDjEr,Porcelain Crockery,7,13'' INCHES_0119_img1.jpg | 13'' INCHES_0119_img2.jpg | 13'' INCHES_0119_img3.png | 13'' INCHES_0119_img4.png | 13'' INCHES_0119_img5.png | 13'' INCHES_0119_img6.svg | 13'' INCHES_0119_img7.jpg
120,13'' INCHES,₹259.00,,greenvitality.in,-OI5eICAx1aAF6PiDjEs,Porcelain Crockery,7,13'' INCHES_0120_img1.jpg | 13'' INCHES_0120_img2.jpg | 13'' INCHES_0120_img3.png | 13'' INCHES_0120_img4.png | 13'' INCHES_0120_img5.png | 13'' INCHES_0120_img6.svg | 13'' INCHES_0120_img7.jpg
121,11'' INCHES,₹238.00,,greenvitality.in,-OI5eICAx1aAF6PiDjEt,Porcelain Crockery,7,11'' INCHES_0121_img1.jpg | 11'' INCHES_0121_img2.jpg | 11'' INCHES_0121_img3.png | 11'' INCHES_0121_img4.png | 11'' INCHES_0121_img5.png | 11'' INCHES_0121_img6.svg | 11'' INCHES_0121_img7.jpg
122,8.5'' INCHES,₹154.00,,greenvitality.in,-OI5eICAx1aAF6PiDjEu,Porcelain Crockery,7,8.5'' INCHES_0122_img1.jpg | 8.5'' INCHES_0122_img2.jpg | 8.5'' INCHES_0122_img3.png | 8.5'' INCHES_0122_img4.png | 8.5'' INCHES_0122_img5.png | 8.5'' INCHES_0122_img6.svg | 8.5'' INCHES_0122_img7.jpg
123,9.5'' INCHES,₹165.20,,greenvitality.in,-OI5eICAx1aAF6PiDjEv,Porcelain Crockery,7,9.5'' INCHES_0123_img1.jpg | 9.5'' INCHES_0123_img2.jpg | 9.5'' INCHES_0123_img3.png | 9.5'' INCHES_0123_img4.png | 9.5'' INCHES_0123_img5.png | 9.5'' INCHES_0123_img6.svg | 9.5'' INCHES_0123_img7.jpg
124,11.5'' INCHES,₹294.00,,greenvitality.in,-OI5eICAx1aAF6PiDjEw,Porcelain Crockery,7,11.5'' INCHES_0124_img1.jpg | 11.5'' INCHES_0124_img2.jpg | 11.5'' INCHES_0124_img3.png | 11.5'' INCHES_0124_img4.png | 11.5'' INCHES_0124_img5.png | 11.5'' INCHES_0124_img6.svg | 11.5'' INCHES_0124_img7.jpg
125,11.5'' INCHES,₹238.00,,greenvitality.in,-OI5eICAx1aAF6PiDjEx,Porcelain Crockery,7,11.5'' INCHES_0125_img1.jpg | 11.5'' INCHES_0125_img2.jpg | 11.5'' INCHES_0125_img3.png | 11.5'' INCHES_0125_img4.png | 11.5'' INCHES_0125_img5.png | 11.5'' INCHES_0125_img6.svg | 11.5'' INCHES_0125_img7.jpg
126,12'' INCHES,₹273.00,,greenvitality.in,-OI5eICAx1aAF6PiDjEy,Porcelain Crockery,7,12'' INCHES_0126_img1.jpg | 12'' INCHES_0126_img2.jpg | 12'' INCHES_0126_img3.png | 12'' INCHES_0126_img4.png | 12'' INCHES_0126_img5.png | 12'' INCHES_0126_img6.svg | 12'' INCHES_0126_img7.jpg
127,12.5'' INCHES,₹399.00,,greenvitality.in,-OI5eICAx1aAF6PiDjEz,Porcelain Crockery,7,12.5'' INCHES_0127_img1.jpg | 12.5'' INCHES_0127_img2.jpg | 12.5'' INCHES_0127_img3.png | 12.5'' INCHES_0127_img4.png | 12.5'' INCHES_0127_img5.png | 12.5'' INCHES_0127_img6.svg | 12.5'' INCHES_0127_img7.jpg
128,10'' INCHES,₹238.00,,greenvitality.in,-OI5eICAx1aAF6PiDjF-,Porcelain Crockery,7,10'' INCHES_0128_img1.jpg | 10'' INCHES_0128_img2.jpg | 10'' INCHES_0128_img3.png | 10'' INCHES_0128_img4.png | 10'' INCHES_0128_img5.png | 10'' INCHES_0128_img6.svg | 10'' INCHES_0128_img7.jpg
129,10.5'' INCHES,₹238.00,,greenvitality.in,-OI5eICAx1aAF6PiDjF0,Porcelain Crockery,7,10.5'' INCHES_0129_img1.jpg | 10.5'' INCHES_0129_img2.jpg | 10.5'' INCHES_0129_img3.png | 10.5'' INCHES_0129_img4.png | 10.5'' INCHES_0129_img5.png | 10.5'' INCHES_0129_img6.svg | 10.5'' INCHES_0129_img7.jpg
130,9.5'' INCHES,₹165.20,,greenvitality.in,-OI5eICAx1aAF6PiDjF1,Porcelain Crockery,7,9.5'' INCHES_0130_img1.jpg | 9.5'' INCHES_0130_img2.jpg | 9.5'' INCHES_0130_img3.png | 9.5'' INCHES_0130_img4.png | 9.5'' INCHES_0130_img5.png | 9.5'' INCHES_0130_img6.svg | 9.5'' INCHES_0130_img7.jpg
131,6.5'' INCHES,₹138.60,,greenvitality.in,-OI5eICAx1aAF6PiDjF2,Porcelain Crockery,7,6.5'' INCHES_0131_img1.jpg | 6.5'' INCHES_0131_img2.jpg | 6.5'' INCHES_0131_img3.png | 6.5'' INCHES_0131_img4.png | 6.5'' INCHES_0131_img5.png | 6.5'' INCHES_0131_img6.svg | 6.5'' INCHES_0131_img7.jpg
132,8'' INCHES,₹259.00,,greenvitality.in,-OI5eICAx1aAF6PiDjF3,Porcelain Crockery,7,8'' INCHES_0132_img1.jpg | 8'' INCHES_0132_img2.jpg | 8'' INCHES_0132_img3.png | 8'' INCHES_0132_img4.png | 8'' INCHES_0132_img5.png | 8'' INCHES_0132_img6.svg | 8'' INCHES_0132_img7.jpg
133,7.5'' INCHES,₹259.00,,greenvitality.in,-OI5eICAx1aAF6PiDjF4,Porcelain Crockery,7,7.5'' INCHES_0133_img1.jpg | 7.5'' INCHES_0133_img2.jpg | 7.5'' INCHES_0133_img3.png | 7.5'' INCHES_0133_img4.png | 7.5'' INCHES_0133_img5.png | 7.5'' INCHES_0133_img6.svg | 7.5'' INCHES_0133_img7.jpg
134,10.5'' INCHES,₹329.00,,greenvitality.in,-OI5eICAx1aAF6PiDjF5,Porcelain Crockery,7,10.5'' INCHES_0134_img1.jpg | 10.5'' INCHES_0134_img2.jpg | 10.5'' INCHES_0134_img3.png | 10.5'' INCHES_0134_img4.png | 10.5'' INCHES_0134_img5.png | 10.5'' INCHES_0134_img6.svg | 10.5'' INCHES_0134_img7.jpg
135,8'' INCHES,₹221.20,,greenvitality.in,-OI5eICAx1aAF6PiDjF6,Porcelain Crockery,7,8'' INCHES_0135_img1.jpg | 8'' INCHES_0135_img2.jpg | 8'' INCHES_0135_img3.png | 8'' INCHES_0135_img4.png | 8'' INCHES_0135_img5.png | 8'' INCHES_0135_img6.svg | 8'' INCHES_0135_img7.jpg
136,9'' INCHES,₹259.00,,greenvitality.in,-OI5eICAx1aAF6PiDjF7,Porcelain Crockery,7,9'' INCHES_0136_img1.jpg | 9'' INCHES_0136_img2.jpg | 9'' INCHES_0136_img3.png | 9'' INCHES_0136_img4.png | 9'' INCHES_0136_img5.png | 9'' INCHES_0136_img6.svg | 9'' INCHES_0136_img7.jpg
137,7'' INCHES,₹165.20,,greenvitality.in,-OI5eICAx1aAF6PiDjF8,Porcelain Crockery,7,7'' INCHES_0137_img1.jpg | 7'' INCHES_0137_img2.jpg | 7'' INCHES_0137_img3.png | 7'' INCHES_0137_img4.png | 7'' INCHES_0137_img5.png | 7'' INCHES_0137_img6.svg | 7'' INCHES_0137_img7.jpg
138,5.5'' INCHES,₹109.20,,greenvitality.in,-OI5eICAx1aAF6PiDjF9,Porcelain Crockery,7,5.5'' INCHES_0138_img1.jpg | 5.5'' INCHES_0138_img2.jpg | 5.5'' INCHES_0138_img3.png | 5.5'' INCHES_0138_img4.png | 5.5'' INCHES_0138_img5.png | 5.5'' INCHES_0138_img6.svg | 5.5'' INCHES_0138_img7.jpg
139,5.5'' INCHES,₹109.20,,greenvitality.in,-OI5eICAx1aAF6PiDjFA,Porcelain Crockery,7,5.5'' INCHES_0139_img1.jpg | 5.5'' INCHES_0139_img2.jpg | 5.5'' INCHES_0139_img3.png | 5.5'' INCHES_0139_img4.png | 5.5'' INCHES_0139_img5.png | 5.5'' INCHES_0139_img6.svg | 5.5'' INCHES_0139_img7.jpg
140,4.5'' INCHES,₹77.00,,greenvitality.in,-OI5eICAx1aAF6PiDjFB,Porcelain Crockery,7,4.5'' INCHES_0140_img1.jpg | 4.5'' INCHES_0140_img2.jpg | 4.5'' INCHES_0140_img3.png | 4.5'' INCHES_0140_img4.png | 4.5'' INCHES_0140_img5.png | 4.5'' INCHES_0140_img6.svg | 4.5'' INCHES_0140_img7.jpg
141,10'' INCHES,₹221.20,,greenvitality.in,-OI5eICAx1aAF6PiDjFC,Porcelain Crockery,7,10'' INCHES_0141_img1.jpg | 10'' INCHES_0141_img2.jpg | 10'' INCHES_0141_img3.png | 10'' INCHES_0141_img4.png | 10'' INCHES_0141_img5.png | 10'' INCHES_0141_img6.svg | 10'' INCHES_0141_img7.jpg
142,7.5'' INCHES,₹165.20,,greenvitality.in,-OI5eICAx1aAF6PiDjFD,Porcelain Crockery,7,7.5'' INCHES_0142_img1.jpg | 7.5'' INCHES_0142_img2.jpg | 7.5'' INCHES_0142_img3.png | 7.5'' INCHES_0142_img4.png | 7.5'' INCHES_0142_img5.png | 7.5'' INCHES_0142_img6.svg | 7.5'' INCHES_0142_img7.jpg
143,12'' INCHES,₹221.20,,greenvitality.in,-OI5eICBEx294GVPltOj,Porcelain Crockery,7,12'' INCHES_0143_img1.jpg | 12'' INCHES_0143_img2.jpg | 12'' INCHES_0143_img3.png | 12'' INCHES_0143_img4.png | 12'' INCHES_0143_img5.png | 12'' INCHES_0143_img6.svg | 12'' INCHES_0143_img7.jpg
144,10.5'' INCHES,₹259.00,,greenvitality.in,-OI5eICBEx294GVPltOk,Porcelain Crockery,7,10.5'' INCHES_0144_img1.jpg | 10.5'' INCHES_0144_img2.jpg | 10.5'' INCHES_0144_img3.png | 10.5'' INCHES_0144_img4.png | 10.5'' INCHES_0144_img5.png | 10.5'' INCHES_0144_img6.svg | 10.5'' INCHES_0144_img7.jpg
145,11.5'' INCHES,₹278.60,,greenvitality.in,-OI5eICBEx294GVPltOl,Porcelain Crockery,7,11.5'' INCHES_0145_img1.jpg | 11.5'' INCHES_0145_img2.jpg | 11.5'' INCHES_0145_img3.png | 11.5'' INCHES_0145_img4.png | 11.5'' INCHES_0145_img5.png | 11.5'' INCHES_0145_img6.svg | 11.5'' INCHES_0145_img7.jpg
146,11.5'' INCHES,₹259.00,,greenvitality.in,-OI5eICBEx294GVPltOn,Porcelain Crockery,7,11.5'' INCHES_0146_img1.jpg | 11.5'' INCHES_0146_img2.jpg | 11.5'' INCHES_0146_img3.png | 11.5'' INCHES_0146_img4.png | 11.5'' INCHES_0146_img5.png | 11.5'' INCHES_0146_img6.svg | 11.5'' INCHES_0146_img7.jpg
147,8'' INCHES,₹224.00,,greenvitality.in,-OI5eICBEx294GVPltOo,Porcelain Crockery,7,8'' INCHES_0147_img1.jpg | 8'' INCHES_0147_img2.jpg | 8'' INCHES_0147_img3.png | 8'' INCHES_0147_img4.png | 8'' INCHES_0147_img5.png | 8'' INCHES_0147_img6.svg | 8'' INCHES_0147_img7.jpg
148,12'' INCHES,₹259.00,,greenvitality.in,-OI5eICBEx294GVPltOp,Porcelain Crockery,7,12'' INCHES_0148_img1.jpg | 12'' INCHES_0148_img2.jpg | 12'' INCHES_0148_img3.png | 12'' INCHES_0148_img4.png | 12'' INCHES_0148_img5.png | 12'' INCHES_0148_img6.svg | 12'' INCHES_0148_img7.jpg
149,10.5'' INCHES,₹238.00,,greenvitality.in,-OI5eICBEx294GVPltOq,Porcelain Crockery,7,10.5'' INCHES_0149_img1.jpg | 10.5'' INCHES_0149_img2.jpg | 10.5'' INCHES_0149_img3.png | 10.5'' INCHES_0149_img4.png | 10.5'' INCHES_0149_img5.png | 10.5'' INCHES_0149_img6.svg | 10.5'' INCHES_0149_img7.jpg
150,14'' INCHES,₹329.00,,greenvitality.in,-OI5eICBEx294GVPltOr,Porcelain Crockery,7,14'' INCHES_0150_img1.jpg | 14'' INCHES_0150_img2.jpg | 14'' INCHES_0150_img3.png | 14'' INCHES_0150_img4.png | 14'' INCHES_0150_img5.png | 14'' INCHES_0150_img6.svg | 14'' INCHES_0150_img7.jpg
151,11.5'' INCHES,₹259.00,,greenvitality.in,-OI5eICBEx294GVPltOs,Porcelain Crockery,7,11.5'' INCHES_0151_img1.jpg | 11.5'' INCHES_0151_img2.jpg | 11.5'' INCHES_0151_img3.png | 11.5'' INCHES_0151_img4.png | 11.5'' INCHES_0151_img5.png | 11.5'' INCHES_0151_img6.svg | 11.5'' INCHES_0151_img7.jpg
152,10'' INCHES,₹259.00,,greenvitality.in,-OI5eICBEx294GVPltOt,Porcelain Crockery,7,10'' INCHES_0152_img1.jpg | 10'' INCHES_0152_img2.jpg | 10'' INCHES_0152_img3.png | 10'' INCHES_0152_img4.png | 10'' INCHES_0152_img5.png | 10'' INCHES_0152_img6.svg | 10'' INCHES_0152_img7.jpg
153,10'' INCHES,₹259.00,,greenvitality.in,-OI5eICBEx294GVPltOu,Porcelain Crockery,7,10'' INCHES_0153_img1.jpg | 10'' INCHES_0153_img2.jpg | 10'' INCHES_0153_img3.png | 10'' INCHES_0153_img4.png | 10'' INCHES_0153_img5.png | 10'' INCHES_0153_img6.svg | 10'' INCHES_0153_img7.jpg
154,8'' INCHES,₹224.00,,greenvitality.in,-OI5eICBEx294GVPltOv,Porcelain Crockery,7,8'' INCHES_0154_img1.jpg | 8'' INCHES_0154_img2.jpg | 8'' INCHES_0154_img3.png | 8'' INCHES_0154_img4.png | 8'' INCHES_0154_img5.png | 8'' INCHES_0154_img6.svg | 8'' INCHES_0154_img7.jpg
155,10.5'' INCHES,₹238.00,,greenvitality.in,-OI5eICBEx294GVPltOw,Porcelain Crockery,7,10.5'' INCHES_0155_img1.jpg | 10.5'' INCHES_0155_img2.jpg | 10.5'' INCHES_0155_img3.png | 10.5'' INCHES_0155_img4.png | 10.5'' INCHES_0155_img5.png | 10.5'' INCHES_0155_img6.svg | 10.5'' INCHES_0155_img7.jpg
156,10.5'' INCHES,₹238.00,,greenvitality.in,-OI5eICBEx294GVPltOx,Porcelain Crockery,7,10.5'' INCHES_0156_img1.jpg | 10.5'' INCHES_0156_img2.jpg | 10.5'' INCHES_0156_img3.png | 10.5'' INCHES_0156_img4.png | 10.5'' INCHES_0156_img5.png | 10.5'' INCHES_0156_img6.svg | 10.5'' INCHES_0156_img7.jpg
157,11.5'' INCHES,₹238.00,,greenvitality.in,-OI5eICBEx294GVPltOy,Porcelain Crockery,7,11.5'' INCHES_0157_img1.jpg | 11.5'' INCHES_0157_img2.jpg | 11.5'' INCHES_0157_img3.png | 11.5'' INCHES_0157_img4.png | 11.5'' INCHES_0157_img5.png | 11.5'' INCHES_0157_img6.svg | 11.5'' INCHES_0157_img7.jpg
158,6.5'' INCHES,₹112.00,,greenvitality.in,-OI5eICBEx294GVPltOz,Porcelain Crockery,7,6.5'' INCHES_0158_img1.jpg | 6.5'' INCHES_0158_img2.jpg | 6.5'' INCHES_0158_img3.png | 6.5'' INCHES_0158_img4.png | 6.5'' INCHES_0158_img5.png | 6.5'' INCHES_0158_img6.svg | 6.5'' INCHES_0158_img7.jpg
159,10.5'' INCHES,₹238.00,,greenvitality.in,-OI5eICBEx294GVPltP-,Porcelain Crockery,7,10.5'' INCHES_0159_img1.jpg | 10.5'' INCHES_0159_img2.jpg | 10.5'' INCHES_0159_img3.png | 10.5'' INCHES_0159_img4.png | 10.5'' INCHES_0159_img5.png | 10.5'' INCHES_0159_img6.svg | 10.5'' INCHES_0159_img7.jpg
160,10.5'' INCHES,₹238.00,,greenvitality.in,-OI5eICBEx294GVPltP0,Porcelain Crockery,7,10.5'' INCHES_0160_img1.jpg | 10.5'' INCHES_0160_img2.jpg | 10.5'' INCHES_0160_img3.png | 10.5'' INCHES_0160_img4.png | 10.5'' INCHES_0160_img5.png | 10.5'' INCHES_0160_img6.svg | 10.5'' INCHES_0160_img7.jpg
161,10.5'' INCHES,₹238.00,,greenvitality.in,-OI5eICBEx294GVPltP1,Porcelain Crockery,7,10.5'' INCHES_0161_img1.jpg | 10.5'' INCHES_0161_img2.jpg | 10.5'' INCHES_0161_img3.png | 10.5'' INCHES_0161_img4.png | 10.5'' INCHES_0161_img5.png | 10.5'' INCHES_0161_img6.svg | 10.5'' INCHES_0161_img7.jpg
162,10.5'' INCHES,₹238.00,,greenvitality.in,-OI5eICBEx294GVPltP2,Porcelain Crockery,7,10.5'' INCHES_0162_img1.jpg | 10.5'' INCHES_0162_img2.jpg | 10.5'' INCHES_0162_img3.png | 10.5'' INCHES_0162_img4.png | 10.5'' INCHES_0162_img5.png | 10.5'' INCHES_0162_img6.svg | 10.5'' INCHES_0162_img7.jpg
163,12.5'' INCHES,₹441.00,,greenvitality.in,-OI5eICBEx294GVPltP3,Porcelain Crockery,7,12.5'' INCHES_0163_img1.jpg | 12.5'' INCHES_0163_img2.jpg | 12.5'' INCHES_0163_img3.png | 12.5'' INCHES_0163_img4.png | 12.5'' INCHES_0163_img5.png | 12.5'' INCHES_0163_img6.svg | 12.5'' INCHES_0163_img7.jpg
164,10.5'' INCHES,₹259.00,,greenvitality.in,-OI5eICBEx294GVPltP4,Porcelain Crockery,7,10.5'' INCHES_0164_img1.jpg | 10.5'' INCHES_0164_img2.jpg | 10.5'' INCHES_0164_img3.png | 10.5'' INCHES_0164_img4.png | 10.5'' INCHES_0164_img5.png | 10.5'' INCHES_0164_img6.svg | 10.5'' INCHES_0164_img7.jpg
165,6.5'' INCHES,₹112.00,,greenvitality.in,-OI5eIDNp9EJibv7RWc2,Porcelain Crockery,7,6.5'' INCHES_0165_img1.jpg | 6.5'' INCHES_0165_img2.jpg | 6.5'' INCHES_0165_img3.png | 6.5'' INCHES_0165_img4.png | 6.5'' INCHES_0165_img5.png | 6.5'' INCHES_0165_img6.svg | 6.5'' INCHES_0165_img7.jpg
166,7.5'' INCHES,₹112.00,,greenvitality.in,-OI5eIDOJX8JrI0uNkkq,Porcelain Crockery,7,7.5'' INCHES_0166_img1.jpg | 7.5'' INCHES_0166_img2.jpg | 7.5'' INCHES_0166_img3.png | 7.5'' INCHES_0166_img4.png | 7.5'' INCHES_0166_img5.png | 7.5'' INCHES_0166_img6.svg | 7.5'' INCHES_0166_img7.jpg
167,8'' INCHES,₹133.00,,greenvitality.in,-OI5eIDOJX8JrI0uNkkr,Porcelain Crockery,7,8'' INCHES_0167_img1.jpg | 8'' INCHES_0167_img2.jpg | 8'' INCHES_0167_img3.png | 8'' INCHES_0167_img4.png | 8'' INCHES_0167_img5.png | 8'' INCHES_0167_img6.svg | 8'' INCHES_0167_img7.jpg
168,8'' INCHES,₹133.00,,greenvitality.in,-OI5eIDOJX8JrI0uNkks,Porcelain Crockery,7,8'' INCHES_0168_img1.jpg | 8'' INCHES_0168_img2.jpg | 8'' INCHES_0168_img3.png | 8'' INCHES_0168_img4.png | 8'' INCHES_0168_img5.png | 8'' INCHES_0168_img6.svg | 8'' INCHES_0168_img7.jpg
169,8'' INCHES,₹133.00,,greenvitality.in,-OI5eIDOJX8JrI0uNkkt,Porcelain Crockery,7,8'' INCHES_0169_img1.jpg | 8'' INCHES_0169_img2.jpg | 8'' INCHES_0169_img3.png | 8'' INCHES_0169_img4.png | 8'' INCHES_0169_img5.png | 8'' INCHES_0169_img6.svg | 8'' INCHES_0169_img7.jpg
170,8'' INCHES,₹133.00,,greenvitality.in,-OI5eIDOJX8JrI0uNkku,Porcelain Crockery,7,8'' INCHES_0170_img1.jpg | 8'' INCHES_0170_img2.jpg | 8'' INCHES_0170_img3.png | 8'' INCHES_0170_img4.png | 8'' INCHES_0170_img5.png | 8'' INCHES_0170_img6.svg | 8'' INCHES_0170_img7.jpg
171,9.5'' INCHES,₹259.00,,greenvitality.in,-OI5eIDOJX8JrI0uNkkv,Porcelain Crockery,7,9.5'' INCHES_0171_img1.jpg | 9.5'' INCHES_0171_img2.jpg | 9.5'' INCHES_0171_img3.png | 9.5'' INCHES_0171_img4.png | 9.5'' INCHES_0171_img5.png | 9.5'' INCHES_0171_img6.svg | 9.5'' INCHES_0171_img7.jpg
172,9'' INCHES,₹294.00,,greenvitality.in,-OI5eIDOJX8JrI0uNkkw,Porcelain Crockery,7,9'' INCHES_0172_img1.jpg | 9'' INCHES_0172_img2.jpg | 9'' INCHES_0172_img3.png | 9'' INCHES_0172_img4.png | 9'' INCHES_0172_img5.png | 9'' INCHES_0172_img6.svg | 9'' INCHES_0172_img7.jpg
173,11.5'' INCHES,₹294.00,,greenvitality.in,-OI5eIDOJX8JrI0uNkkx,Porcelain Crockery,7,11.5'' INCHES_0173_img1.jpg | 11.5'' INCHES_0173_img2.jpg | 11.5'' INCHES_0173_img3.png | 11.5'' INCHES_0173_img4.png | 11.5'' INCHES_0173_img5.png | 11.5'' INCHES_0173_img6.svg | 11.5'' INCHES_0173_img7.jpg
174,11.5'' INCHES,₹294.00,,greenvitality.in,-OI5eIDOJX8JrI0uNkky,Porcelain Crockery,7,11.5'' INCHES_0174_img1.jpg | 11.5'' INCHES_0174_img2.jpg | 11.5'' INCHES_0174_img3.png | 11.5'' INCHES_0174_img4.png | 11.5'' INCHES_0174_img5.png | 11.5'' INCHES_0174_img6.svg | 11.5'' INCHES_0174_img7.jpg
175,DNF Ceramics logo,,,greenvitality.in,-OI5eIDOJX8JrI0uNkkz,Porcelain Crockery,7,DNF Ceramics logo_0175_img1.jpg | DNF Ceramics logo_0175_img2.jpg | DNF Ceramics logo_0175_img3.png | DNF Ceramics logo_0175_img4.png | DNF Ceramics logo_0175_img5.png | DNF Ceramics logo_0175_img6.svg | DNF Ceramics logo_0175_img7.jpg
176,11'' INCHES,₹259.00,,greenvitality.in,-OI5eIDOJX8JrI0uNkl-,Porcelain Crockery,7,11'' INCHES_0176_img1.jpg | 11'' INCHES_0176_img2.jpg | 11'' INCHES_0176_img3.png | 11'' INCHES_0176_img4.png | 11'' INCHES_0176_img5.png | 11'' INCHES_0176_img6.svg | 11'' INCHES_0176_img7.jpg
177,11'' INCHES,₹294.00,,greenvitality.in,-OI5eIDOJX8JrI0uNkl0,Porcelain Crockery,7,11'' INCHES_0177_img1.jpg | 11'' INCHES_0177_img2.jpg | 11'' INCHES_0177_img3.png | 11'' INCHES_0177_img4.png | 11'' INCHES_0177_img5.png | 11'' INCHES_0177_img6.svg | 11'' INCHES_0177_img7.jpg
178,8'' INCHES,₹259.00,,greenvitality.in,-OI5eIDOJX8JrI0uNkl2,Porcelain Crockery,7,8'' INCHES_0178_img1.jpg | 8'' INCHES_0178_img2.jpg | 8'' INCHES_0178_img3.png | 8'' INCHES_0178_img4.png | 8'' INCHES_0178_img5.png | 8'' INCHES_0178_img6.svg | 8'' INCHES_0178_img7.jpg
179,8'' INCHES,₹112.00,,greenvitality.in,-OI5eIDOJX8JrI0uNkl3,Porcelain Crockery,7,8'' INCHES_0179_img1.jpg | 8'' INCHES_0179_img2.jpg | 8'' INCHES_0179_img3.png | 8'' INCHES_0179_img4.png | 8'' INCHES_0179_img5.png | 8'' INCHES_0179_img6.svg | 8'' INCHES_0179_img7.jpg
180,6.5'' INCHES,₹112.00,,greenvitality.in,-OI5eIDOJX8JrI0uNkl4,Porcelain Crockery,7,6.5'' INCHES_0180_img1.jpg | 6.5'' INCHES_0180_img2.jpg | 6.5'' INCHES_0180_img3.png | 6.5'' INCHES_0180_img4.png | 6.5'' INCHES_0180_img5.png | 6.5'' INCHES_0180_img6.svg | 6.5'' INCHES_0180_img7.jpg
181,12'' INCHES,₹259.00,,greenvitality.in,-OI5eIDOJX8JrI0uNkl5,Porcelain Crockery,7,12'' INCHES_0181_img1.jpg | 12'' INCHES_0181_img2.jpg | 12'' INCHES_0181_img3.png | 12'' INCHES_0181_img4.png | 12'' INCHES_0181_img5.png | 12'' INCHES_0181_img6.svg | 12'' INCHES_0181_img7.jpg
182,DNF Ceramics logo,,,greenvitality.in,-OI5eIDOJX8JrI0uNkl6,Porcelain Crockery,7,DNF Ceramics logo_0182_img1.jpg | DNF Ceramics logo_0182_img2.jpg | DNF Ceramics logo_0182_img3.png | DNF Ceramics logo_0182_img4.png | DNF Ceramics logo_0182_img5.png | DNF Ceramics logo_0182_img6.svg | DNF Ceramics logo_0182_img7.jpg
183,11.5'' INCHES,₹294.00,,greenvitality.in,-OI5eIDOJX8JrI0uNkl7,Porcelain Crockery,7,11.5'' INCHES_0183_img1.jpg | 11.5'' INCHES_0183_img2.jpg | 11.5'' INCHES_0183_img3.png | 11.5'' INCHES_0183_img4.png | 11.5'' INCHES_0183_img5.png | 11.5'' INCHES_0183_img6.svg | 11.5'' INCHES_0183_img7.jpg
184,11.5'' INCHES,₹259.00,,greenvitality.in,-OI5eIDOJX8JrI0uNkl8,Porcelain Crockery,7,11.5'' INCHES_0184_img1.jpg | 11.5'' INCHES_0184_img2.jpg | 11.5'' INCHES_0184_img3.png | 11.5'' INCHES_0184_img4.png | 11.5'' INCHES_0184_img5.png | 11.5'' INCHES_0184_img6.svg | 11.5'' INCHES_0184_img7.jpg
185,10.5'' INCHES,₹259.00,,greenvitality.in,-OI5eIDOJX8JrI0uNkl9,Porcelain Crockery,7,10.5'' INCHES_0185_img1.jpg | 10.5'' INCHES_0185_img2.jpg | 10.5'' INCHES_0185_img3.png | 10.5'' INCHES_0185_img4.png | 10.5'' INCHES_0185_img5.png | 10.5'' INCHES_0185_img6.svg | 10.5'' INCHES_0185_img7.jpg
186,10'' INCHES,₹189.00,,greenvitality.in,-OI5eIDOJX8JrI0uNklA,Porcelain Crockery,7,10'' INCHES_0186_img1.jpg | 10'' INCHES_0186_img2.jpg | 10'' INCHES_0186_img3.png | 10'' INCHES_0186_img4.png | 10'' INCHES_0186_img5.png | 10'' INCHES_0186_img6.svg | 10'' INCHES_0186_img7.jpg
187,10.5'' INCHES,₹238.00,,greenvitality.in,-OI5eIDOJX8JrI0uNklC,Porcelain Crockery,7,10.5'' INCHES_0187_img1.jpg | 10.5'' INCHES_0187_img2.jpg | 10.5'' INCHES_0187_img3.png | 10.5'' INCHES_0187_img4.png | 10.5'' INCHES_0187_img5.png | 10.5'' INCHES_0187_img6.svg | 10.5'' INCHES_0187_img7.jpg
188,10.5'' INCHES,₹238.00,,greenvitality.in,-OI5eIDOJX8JrI0uNklE,Porcelain Crockery,7,10.5'' INCHES_0188_img1.jpg | 10.5'' INCHES_0188_img2.jpg | 10.5'' INCHES_0188_img3.png | 10.5'' INCHES_0188_img4.png | 10.5'' INCHES_0188_img5.png | 10.5'' INCHES_0188_img6.svg | 10.5'' INCHES_0188_img7.jpg
189,10.5'' INCHES,₹238.00,,greenvitality.in,-OI5eIDOJX8JrI0uNklF,Porcelain Crockery,7,10.5'' INCHES_0189_img1.jpg | 10.5'' INCHES_0189_img2.jpg | 10.5'' INCHES_0189_img3.png | 10.5'' INCHES_0189_img4.png | 10.5'' INCHES_0189_img5.png | 10.5'' INCHES_0189_img6.svg | 10.5'' INCHES_0189_img7.jpg
190,10.5'' INCHES,₹238.00,,greenvitality.in,-OI5eIDOJX8JrI0uNklG,Porcelain Crockery,7,10.5'' INCHES_0190_img1.jpg | 10.5'' INCHES_0190_img2.jpg | 10.5'' INCHES_0190_img3.png | 10.5'' INCHES_0190_img4.png | 10.5'' INCHES_0190_img5.png | 10.5'' INCHES_0190_img6.svg | 10.5'' INCHES_0190_img7.jpg
191,10.5'' INCHES,₹238.00,,greenvitality.in,-OI5eIDOJX8JrI0uNklH,Porcelain Crockery,7,10.5'' INCHES_0191_img1.jpg | 10.5'' INCHES_0191_img2.jpg | 10.5'' INCHES_0191_img3.png | 10.5'' INCHES_0191_img4.png | 10.5'' INCHES_0191_img5.png | 10.5'' INCHES_0191_img6.svg | 10.5'' INCHES_0191_img7.jpg
192,10'' INCHES,₹294.00,,greenvitality.in,-OI5eIDOJX8JrI0uNklI,Porcelain Crockery,7,10'' INCHES_0192_img1.jpg | 10'' INCHES_0192_img2.jpg | 10'' INCHES_0192_img3.png | 10'' INCHES_0192_img4.png | 10'' INCHES_0192_img5.png | 10'' INCHES_0192_img6.svg | 10'' INCHES_0192_img7.jpg
193,10.5'' INCHES,₹238.00,,greenvitality.in,-OI5eIDOJX8JrI0uNklJ,Porcelain Crockery,7,10.5'' INCHES_0193_img1.jpg | 10.5'' INCHES_0193_img2.jpg | 10.5'' INCHES_0193_img3.png | 10.5'' INCHES_0193_img4.png | 10.5'' INCHES_0193_img5.png | 10.5'' INCHES_0193_img6.svg | 10.5'' INCHES_0193_img7.jpg
194,10.5'' INCHES,₹238.00,,greenvitality.in,-OI5eIDOJX8JrI0uNklK,Porcelain Crockery,7,10.5'' INCHES_0194_img1.jpg | 10.5'' INCHES_0194_img2.jpg | 10.5'' INCHES_0194_img3.png | 10.5'' INCHES_0194_img4.png | 10.5'' INCHES_0194_img5.png | 10.5'' INCHES_0194_img6.svg | 10.5'' INCHES_0194_img7.jpg
195,10.5'' INCHES,₹238.00,,greenvitality.in,-OI5eIDOJX8JrI0uNklL,Porcelain Crockery,7,10.5'' INCHES_0195_img1.jpg | 10.5'' INCHES_0195_img2.jpg | 10.5'' INCHES_0195_img3.png | 10.5'' INCHES_0195_img4.png | 10.5'' INCHES_0195_img5.png | 10.5'' INCHES_0195_img6.svg | 10.5'' INCHES_0195_img7.jpg
196,10.5'' INCHES,₹238.00,,greenvitality.in,-OI5eIDOJX8JrI0uNklM,Porcelain Crockery,7,10.5'' INCHES_0196_img1.jpg | 10.5'' INCHES_0196_img2.jpg | 10.5'' INCHES_0196_img3.png | 10.5'' INCHES_0196_img4.png | 10.5'' INCHES_0196_img5.png | 10.5'' INCHES_0196_img6.svg | 10.5'' INCHES_0196_img7.jpg
197,10.5'' INCHES,₹238.00,,greenvitality.in,-OI5eIDOJX8JrI0uNklN,Porcelain Crockery,7,10.5'' INCHES_0197_img1.jpg | 10.5'' INCHES_0197_img2.jpg | 10.5'' INCHES_0197_img3.png | 10.5'' INCHES_0197_img4.png | 10.5'' INCHES_0197_img5.png | 10.5'' INCHES_0197_img6.svg | 10.5'' INCHES_0197_img7.jpg
198,10'' INCHES,₹189.00,,greenvitality.in,-OI5eIDOJX8JrI0uNklO,Porcelain Crockery,7,10'' INCHES_0198_img1.jpg | 10'' INCHES_0198_img2.jpg | 10'' INCHES_0198_img3.png | 10'' INCHES_0198_img4.png | 10'' INCHES_0198_img5.png | 10'' INCHES_0198_img6.svg | 10'' INCHES_0198_img7.jpg
199,14'' INCHES,₹329.00,,greenvitality.in,-OI5eIDOJX8JrI0uNklP,Porcelain Crockery,7,14'' INCHES_0199_img1.jpg | 14'' INCHES_0199_img2.jpg | 14'' INCHES_0199_img3.png | 14'' INCHES_0199_img4.png | 14'' INCHES_0199_img5.png | 14'' INCHES_0199_img6.svg | 14'' INCHES_0199_img7.jpg
200,H3'' D4'',₹63.00,,greenvitality.in,-OI5eIDOJX8JrI0uNklQ,Porcelain Crockery,7,H3'' D4''_0200_img1.jpg | H3'' D4''_0200_img2.jpg | H3'' D4''_0200_img3.png | H3'' D4''_0200_img4.png | H3'' D4''_0200_img5.png | H3'' D4''_0200_img6.svg | H3'' D4''_0200_img7.jpg
201,14'' INCHES,₹329.00,,greenvitality.in,-OI5eIDOJX8JrI0uNklR,Porcelain Crockery,7,14'' INCHES_0201_img1.jpg | 14'' INCHES_0201_img2.jpg | 14'' INCHES_0201_img3.png | 14'' INCHES_0201_img4.png | 14'' INCHES_0201_img5.png | 14'' INCHES_0201_img6.svg | 14'' INCHES_0201_img7.jpg
202,9.5'' INCHES,₹294.00,,greenvitality.in,-OI5eIDOJX8JrI0uNklS,Porcelain Crockery,7,9.5'' INCHES_0202_img1.jpg | 9.5'' INCHES_0202_img2.jpg | 9.5'' INCHES_0202_img3.png | 9.5'' INCHES_0202_img4.png | 9.5'' INCHES_0202_img5.png | 9.5'' INCHES_0202_img6.svg | 9.5'' INCHES_0202_img7.jpg
203,10'' INCHES,₹294.00,,greenvitality.in,-OI5eIDOJX8JrI0uNklT,Porcelain Crockery,7,10'' INCHES_0203_img1.jpg | 10'' INCHES_0203_img2.jpg | 10'' INCHES_0203_img3.png | 10'' INCHES_0203_img4.png | 10'' INCHES_0203_img5.png | 10'' INCHES_0203_img6.svg | 10'' INCHES_0203_img7.jpg
204,12.5'' INCHES,₹399.00,,greenvitality.in,-OI5eIDOJX8JrI0uNklU,Porcelain Crockery,7,12.5'' INCHES_0204_img1.jpg | 12.5'' INCHES_0204_img2.jpg | 12.5'' INCHES_0204_img3.png | 12.5'' INCHES_0204_img4.png | 12.5'' INCHES_0204_img5.png | 12.5'' INCHES_0204_img6.svg | 12.5'' INCHES_0204_img7.jpg
205,11.5'' INCHES,₹294.00,,greenvitality.in,-OI5eIDOJX8JrI0uNklV,Porcelain Crockery,7,11.5'' INCHES_0205_img1.jpg | 11.5'' INCHES_0205_img2.jpg | 11.5'' INCHES_0205_img3.png | 11.5'' INCHES_0205_img4.png | 11.5'' INCHES_0205_img5.png | 11.5'' INCHES_0205_img6.svg | 11.5'' INCHES_0205_img7.jpg
206,9'' INCHES,₹168.00,,greenvitality.in,-OI5eIDOJX8JrI0uNklX,Porcelain Crockery,7,9'' INCHES_0206_img1.jpg | 9'' INCHES_0206_img2.jpg | 9'' INCHES_0206_img3.png | 9'' INCHES_0206_img4.png | 9'' INCHES_0206_img5.png | 9'' INCHES_0206_img6.svg | 9'' INCHES_0206_img7.jpg
207,9'' INCHES,₹168.00,,greenvitality.in,-OI5eIDOJX8JrI0uNklZ,Porcelain Crockery,7,9'' INCHES_0207_img1.jpg | 9'' INCHES_0207_img2.jpg | 9'' INCHES_0207_img3.png | 9'' INCHES_0207_img4.png | 9'' INCHES_0207_img5.png | 9'' INCHES_0207_img6.svg | 9'' INCHES_0207_img7.jpg
208,8'' INCHES,₹133.00,,greenvitality.in,-OI5eIDOJX8JrI0uNkl_,Porcelain Crockery,7,8'' INCHES_0208_img1.jpg | 8'' INCHES_0208_img2.jpg | 8'' INCHES_0208_img3.png | 8'' INCHES_0208_img4.png | 8'' INCHES_0208_img5.png | 8'' INCHES_0208_img6.svg | 8'' INCHES_0208_img7.jpg
209,8'' INCHES,₹133.00,,greenvitality.in,-OI5eIDOJX8JrI0uNkla,Porcelain Crockery,7,8'' INCHES_0209_img1.jpg | 8'' INCHES_0209_img2.jpg | 8'' INCHES_0209_img3.png | 8'' INCHES_0209_img4.png | 8'' INCHES_0209_img5.png | 8'' INCHES_0209_img6.svg | 8'' INCHES_0209_img7.jpg
210,8'' INCHES,₹133.00,,greenvitality.in,-OI5eIDOJX8JrI0uNklb,Porcelain Crockery,7,8'' INCHES_0210_img1.jpg | 8'' INCHES_0210_img2.jpg | 8'' INCHES_0210_img3.png | 8'' INCHES_0210_img4.png | 8'' INCHES_0210_img5.png | 8'' INCHES_0210_img6.svg | 8'' INCHES_0210_img7.jpg
211,9.5'' INCHES,₹406.00,,greenvitality.in,-OI5eIDOJX8JrI0uNklc,Porcelain Crockery,7,9.5'' INCHES_0211_img1.jpg | 9.5'' INCHES_0211_img2.jpg | 9.5'' INCHES_0211_img3.png | 9.5'' INCHES_0211_img4.png | 9.5'' INCHES_0211_img5.png | 9.5'' INCHES_0211_img6.svg | 9.5'' INCHES_0211_img7.jpg
212,8.5'' INCHES,₹329.00,,greenvitality.in,-OI5eIDOJX8JrI0uNkld,Porcelain Crockery,7,8.5'' INCHES_0212_img1.jpg | 8.5'' INCHES_0212_img2.jpg | 8.5'' INCHES_0212_img3.png | 8.5'' INCHES_0212_img4.png | 8.5'' INCHES_0212_img5.png | 8.5'' INCHES_0212_img6.svg | 8.5'' INCHES_0212_img7.jpg
213,6 INCHES,₹168.00,,greenvitality.in,-OI5eIDOJX8JrI0uNklf,Porcelain Crockery,7,6 INCHES_0213_img1.jpg | 6 INCHES_0213_img2.jpg | 6 INCHES_0213_img3.png | 6 INCHES_0213_img4.png | 6 INCHES_0213_img5.png | 6 INCHES_0213_img6.svg | 6 INCHES_0213_img7.jpg
214,6 INCHES,₹259.00,,greenvitality.in,-OI5eIDOJX8JrI0uNklh,Porcelain Crockery,7,6 INCHES_0214_img1.jpg | 6 INCHES_0214_img2.jpg | 6 INCHES_0214_img3.png | 6 INCHES_0214_img4.png | 6 INCHES_0214_img5.png | 6 INCHES_0214_img6.svg | 6 INCHES_0214_img7.jpg
215,6.5'' INCHES,₹138.60,,greenvitality.in,-OI5eIDOJX8JrI0uNkli,Porcelain Crockery,7,6.5'' INCHES_0215_img1.jpg | 6.5'' INCHES_0215_img2.jpg | 6.5'' INCHES_0215_img3.png | 6.5'' INCHES_0215_img4.png | 6.5'' INCHES_0215_img5.png | 6.5'' INCHES_0215_img6.svg | 6.5'' INCHES_0215_img7.jpg
216,6.5'' INCHES,₹138.60,,greenvitality.in,-OI5eIDOJX8JrI0uNklj,Porcelain Crockery,7,6.5'' INCHES_0216_img1.jpg | 6.5'' INCHES_0216_img2.jpg | 6.5'' INCHES_0216_img3.png | 6.5'' INCHES_0216_img4.png | 6.5'' INCHES_0216_img5.png | 6.5'' INCHES_0216_img6.svg | 6.5'' INCHES_0216_img7.jpg
217,5'' INCHES,₹84.00,,greenvitality.in,-OI5eIDPUMcpw-5br70W,Porcelain Crockery,7,5'' INCHES_0217_img1.jpg | 5'' INCHES_0217_img2.jpg | 5'' INCHES_0217_img3.png | 5'' INCHES_0217_img4.png | 5'' INCHES_0217_img5.png | 5'' INCHES_0217_img6.svg | 5'' INCHES_0217_img7.jpg
218,5'' INCHES,₹84.00,,greenvitality.in,-OI5eIDPUMcpw-5br70Y,Porcelain Crockery,7,5'' INCHES_0218_img1.jpg | 5'' INCHES_0218_img2.jpg | 5'' INCHES_0218_img3.png | 5'' INCHES_0218_img4.png | 5'' INCHES_0218_img5.png | 5'' INCHES_0218_img6.svg | 5'' INCHES_0218_img7.jpg
219,4.5'' INCHES,₹84.00,,greenvitality.in,-OI5eIDPUMcpw-5br70_,Porcelain Crockery,7,4.5'' INCHES_0219_img1.jpg | 4.5'' INCHES_0219_img2.jpg | 4.5'' INCHES_0219_img3.png | 4.5'' INCHES_0219_img4.png | 4.5'' INCHES_0219_img5.png | 4.5'' INCHES_0219_img6.svg | 4.5'' INCHES_0219_img7.jpg
220,4.5'' INCHES,₹84.00,,greenvitality.in,-OI5eIDPUMcpw-5br70a,Porcelain Crockery,7,4.5'' INCHES_0220_img1.jpg | 4.5'' INCHES_0220_img2.jpg | 4.5'' INCHES_0220_img3.png | 4.5'' INCHES_0220_img4.png | 4.5'' INCHES_0220_img5.png | 4.5'' INCHES_0220_img6.svg | 4.5'' INCHES_0220_img7.jpg
221,4.5'' INCHES,₹84.00,,greenvitality.in,-OI5eIDPUMcpw-5br70b,Porcelain Crockery,7,4.5'' INCHES_0221_img1.jpg | 4.5'' INCHES_0221_img2.jpg | 4.5'' INCHES_0221_img3.png | 4.5'' INCHES_0221_img4.png | 4.5'' INCHES_0221_img5.png | 4.5'' INCHES_0221_img6.svg | 4.5'' INCHES_0221_img7.jpg
222,4.5'' INCHES,₹84.00,,greenvitality.in,-OI5eIDPUMcpw-5br70c,Porcelain Crockery,7,4.5'' INCHES_0222_img1.jpg | 4.5'' INCHES_0222_img2.jpg | 4.5'' INCHES_0222_img3.png | 4.5'' INCHES_0222_img4.png | 4.5'' INCHES_0222_img5.png | 4.5'' INCHES_0222_img6.svg | 4.5'' INCHES_0222_img7.jpg
223,4.5'' INCHES,₹84.00,,greenvitality.in,-OI5eIDPUMcpw-5br70f,Porcelain Crockery,7,4.5'' INCHES_0223_img1.jpg | 4.5'' INCHES_0223_img2.jpg | 4.5'' INCHES_0223_img3.png | 4.5'' INCHES_0223_img4.png | 4.5'' INCHES_0223_img5.png | 4.5'' INCHES_0223_img6.svg | 4.5'' INCHES_0223_img7.jpg
224,4'' INCHES,₹77.00,,greenvitality.in,-OI5eIDPUMcpw-5br70g,Porcelain Crockery,7,4'' INCHES_0224_img1.jpg | 4'' INCHES_0224_img2.jpg | 4'' INCHES_0224_img3.png | 4'' INCHES_0224_img4.png | 4'' INCHES_0224_img5.png | 4'' INCHES_0224_img6.svg | 4'' INCHES_0224_img7.jpg
225,4'' INCHES,₹77.00,,greenvitality.in,-OI5eIDPUMcpw-5br70h,Porcelain Crockery,7,4'' INCHES_0225_img1.jpg | 4'' INCHES_0225_img2.jpg | 4'' INCHES_0225_img3.png | 4'' INCHES_0225_img4.png | 4'' INCHES_0225_img5.png | 4'' INCHES_0225_img6.svg | 4'' INCHES_0225_img7.jpg
226,4'' INCHES,₹77.00,,greenvitality.in,-OI5eIDPUMcpw-5br70i,Porcelain Crockery,7,4'' INCHES_0226_img1.jpg | 4'' INCHES_0226_img2.jpg | 4'' INCHES_0226_img3.png | 4'' INCHES_0226_img4.png | 4'' INCHES_0226_img5.png | 4'' INCHES_0226_img6.svg | 4'' INCHES_0226_img7.jpg
227,4'' INCHES,₹77.00,,greenvitality.in,-OI5eIDPUMcpw-5br70j,Porcelain Crockery,7,4'' INCHES_0227_img1.jpg | 4'' INCHES_0227_img2.jpg | 4'' INCHES_0227_img3.png | 4'' INCHES_0227_img4.png | 4'' INCHES_0227_img5.png | 4'' INCHES_0227_img6.svg | 4'' INCHES_0227_img7.jpg
228,4'' INCHES,₹58.80,,greenvitality.in,-OI5eIDPUMcpw-5br70k,Porcelain Crockery,7,4'' INCHES_0228_img1.jpg | 4'' INCHES_0228_img2.jpg | 4'' INCHES_0228_img3.png | 4'' INCHES_0228_img4.png | 4'' INCHES_0228_img5.png | 4'' INCHES_0228_img6.svg | 4'' INCHES_0228_img7.jpg
229,3.5'' INCHES,₹58.80,,greenvitality.in,-OI5eIDPUMcpw-5br70l,Porcelain Crockery,7,3.5'' INCHES_0229_img1.jpg | 3.5'' INCHES_0229_img2.jpg | 3.5'' INCHES_0229_img3.png | 3.5'' INCHES_0229_img4.png | 3.5'' INCHES_0229_img5.png | 3.5'' INCHES_0229_img6.svg | 3.5'' INCHES_0229_img7.jpg
230,3'' INCHES,₹44.80,,greenvitality.in,-OI5eIDPUMcpw-5br70m,Porcelain Crockery,7,3'' INCHES_0230_img1.jpg | 3'' INCHES_0230_img2.jpg | 3'' INCHES_0230_img3.png | 3'' INCHES_0230_img4.png | 3'' INCHES_0230_img5.png | 3'' INCHES_0230_img6.svg | 3'' INCHES_0230_img7.jpg
231,H3.5'' D4.5'',₹91.00,,greenvitality.in,-OI5eIDPUMcpw-5br70n,Porcelain Crockery,7,H3.5'' D4.5''_0231_img1.jpg | H3.5'' D4.5''_0231_img2.jpg | H3.5'' D4.5''_0231_img3.png | H3.5'' D4.5''_0231_img4.png | H3.5'' D4.5''_0231_img5.png | H3.5'' D4.5''_0231_img6.svg | H3.5'' D4.5''_0231_img7.jpg
232,H3.5 D4'',₹58.80,,greenvitality.in,-OI5eIDPUMcpw-5br70q,Porcelain Crockery,7,H3.5 D4''_0232_img1.jpg | H3.5 D4''_0232_img2.jpg | H3.5 D4''_0232_img3.png | H3.5 D4''_0232_img4.png | H3.5 D4''_0232_img5.png | H3.5 D4''_0232_img6.svg | H3.5 D4''_0232_img7.jpg
233,H3.5 D4'',₹58.80,,greenvitality.in,-OI5eIDPUMcpw-5br70s,Porcelain Crockery,7,H3.5 D4''_0233_img1.jpg | H3.5 D4''_0233_img2.jpg | H3.5 D4''_0233_img3.png | H3.5 D4''_0233_img4.png | H3.5 D4''_0233_img5.png | H3.5 D4''_0233_img6.svg | H3.5 D4''_0233_img7.jpg
234,H3.5'' D4.5'',₹91.00,,greenvitality.in,-OI5eIDPUMcpw-5br70t,Porcelain Crockery,7,H3.5'' D4.5''_0234_img1.jpg | H3.5'' D4.5''_0234_img2.jpg | H3.5'' D4.5''_0234_img3.png | H3.5'' D4.5''_0234_img4.png | H3.5'' D4.5''_0234_img5.png | H3.5'' D4.5''_0234_img6.svg | H3.5'' D4.5''_0234_img7.jpg
235,H3'' D5'',₹58.80,,greenvitality.in,-OI5eIDPUMcpw-5br70u,Porcelain Crockery,7,H3'' D5''_0235_img1.jpg | H3'' D5''_0235_img2.jpg | H3'' D5''_0235_img3.png | H3'' D5''_0235_img4.png | H3'' D5''_0235_img5.png | H3'' D5''_0235_img6.svg | H3'' D5''_0235_img7.jpg
236,H3'' D6'',₹109.20,,greenvitality.in,-OI5eIDPUMcpw-5br70y,Porcelain Crockery,7,H3'' D6''_0236_img1.jpg | H3'' D6''_0236_img2.jpg | H3'' D6''_0236_img3.png | H3'' D6''_0236_img4.png | H3'' D6''_0236_img5.png | H3'' D6''_0236_img6.svg | H3'' D6''_0236_img7.jpg
237,H3'' D3.5'',₹77.00,,greenvitality.in,-OI5eIDPUMcpw-5br711,Porcelain Crockery,7,H3'' D3.5''_0237_img1.jpg | H3'' D3.5''_0237_img2.jpg | H3'' D3.5''_0237_img3.png | H3'' D3.5''_0237_img4.png | H3'' D3.5''_0237_img5.png | H3'' D3.5''_0237_img6.svg | H3'' D3.5''_0237_img7.jpg
238,9.5'' INCHES,₹109.20,,greenvitality.in,-OI5eIDPUMcpw-5br712,Porcelain Crockery,7,9.5'' INCHES_0238_img1.jpg | 9.5'' INCHES_0238_img2.jpg | 9.5'' INCHES_0238_img3.png | 9.5'' INCHES_0238_img4.png | 9.5'' INCHES_0238_img5.png | 9.5'' INCHES_0238_img6.svg | 9.5'' INCHES_0238_img7.jpg
239,8'' INCHES,₹221.20,,greenvitality.in,-OI5eIDPUMcpw-5br713,Porcelain Crockery,7,8'' INCHES_0239_img1.jpg | 8'' INCHES_0239_img2.jpg | 8'' INCHES_0239_img3.png | 8'' INCHES_0239_img4.png | 8'' INCHES_0239_img5.png | 8'' INCHES_0239_img6.svg | 8'' INCHES_0239_img7.jpg
240,10.5'' INCHES,₹259.00,,greenvitality.in,-OI5eIDPUMcpw-5br716,Porcelain Crockery,7,10.5'' INCHES_0240_img1.jpg | 10.5'' INCHES_0240_img2.jpg | 10.5'' INCHES_0240_img3.png | 10.5'' INCHES_0240_img4.png | 10.5'' INCHES_0240_img5.png | 10.5'' INCHES_0240_img6.svg | 10.5'' INCHES_0240_img7.jpg
241,10.5'' INCHES,₹294.00,,greenvitality.in,-OI5eIDPUMcpw-5br717,Porcelain Crockery,7,10.5'' INCHES_0241_img1.jpg | 10.5'' INCHES_0241_img2.jpg | 10.5'' INCHES_0241_img3.png | 10.5'' INCHES_0241_img4.png | 10.5'' INCHES_0241_img5.png | 10.5'' INCHES_0241_img6.svg | 10.5'' INCHES_0241_img7.jpg
242,10.5'' INCHES,₹259.00,,greenvitality.in,-OI5eIEHIMu4MwR-aRQS,Porcelain Crockery,7,10.5'' INCHES_0242_img1.jpg | 10.5'' INCHES_0242_img2.jpg | 10.5'' INCHES_0242_img3.png | 10.5'' INCHES_0242_img4.png | 10.5'' INCHES_0242_img5.png | 10.5'' INCHES_0242_img6.svg | 10.5'' INCHES_0242_img7.jpg
243,11.5'' INCHES,₹294.00,,greenvitality.in,-OI5eIEHIMu4MwR-aRQT,Porcelain Crockery,7,11.5'' INCHES_0243_img1.jpg | 11.5'' INCHES_0243_img2.jpg | 11.5'' INCHES_0243_img3.png | 11.5'' INCHES_0243_img4.png | 11.5'' INCHES_0243_img5.png | 11.5'' INCHES_0243_img6.svg | 11.5'' INCHES_0243_img7.jpg
244,11.5'' INCHES,₹294.00,,greenvitality.in,-OI5eIEHIMu4MwR-aRQX,Porcelain Crockery,7,11.5'' INCHES_0244_img1.jpg | 11.5'' INCHES_0244_img2.jpg | 11.5'' INCHES_0244_img3.png | 11.5'' INCHES_0244_img4.png | 11.5'' INCHES_0244_img5.png | 11.5'' INCHES_0244_img6.svg | 11.5'' INCHES_0244_img7.jpg
245,11.5'' INCHES,₹294.00,,greenvitality.in,-OI5eIEHIMu4MwR-aRQZ,Porcelain Crockery,7,11.5'' INCHES_0245_img1.jpg | 11.5'' INCHES_0245_img2.jpg | 11.5'' INCHES_0245_img3.png | 11.5'' INCHES_0245_img4.png | 11.5'' INCHES_0245_img5.png | 11.5'' INCHES_0245_img6.svg | 11.5'' INCHES_0245_img7.jpg
246,11.5'' INCHES,₹294.00,,greenvitality.in,-OI5eIEHIMu4MwR-aRQ_,Porcelain Crockery,7,11.5'' INCHES_0246_img1.jpg | 11.5'' INCHES_0246_img2.jpg | 11.5'' INCHES_0246_img3.png | 11.5'' INCHES_0246_img4.png | 11.5'' INCHES_0246_img5.png | 11.5'' INCHES_0246_img6.svg | 11.5'' INCHES_0246_img7.jpg
247,11.5'' INCHES,₹294.00,,greenvitality.in,-OI5eIEHIMu4MwR-aRQa,Porcelain Crockery,7,11.5'' INCHES_0247_img1.jpg | 11.5'' INCHES_0247_img2.jpg | 11.5'' INCHES_0247_img3.png | 11.5'' INCHES_0247_img4.png | 11.5'' INCHES_0247_img5.png | 11.5'' INCHES_0247_img6.svg | 11.5'' INCHES_0247_img7.jpg
248,11.5'' INCHES,₹259.00,,greenvitality.in,-OI5eIEHIMu4MwR-aRQb,Porcelain Crockery,7,11.5'' INCHES_0248_img1.jpg | 11.5'' INCHES_0248_img2.jpg | 11.5'' INCHES_0248_img3.png | 11.5'' INCHES_0248_img4.png | 11.5'' INCHES_0248_img5.png | 11.5'' INCHES_0248_img6.svg | 11.5'' INCHES_0248_img7.jpg
249,9.5'' INCHES,₹221.20,,greenvitality.in,-OI5eIEHIMu4MwR-aRQc,Porcelain Crockery,7,9.5'' INCHES_0249_img1.jpg | 9.5'' INCHES_0249_img2.jpg | 9.5'' INCHES_0249_img3.png | 9.5'' INCHES_0249_img4.png | 9.5'' INCHES_0249_img5.png | 9.5'' INCHES_0249_img6.svg | 9.5'' INCHES_0249_img7.jpg
250,8.5'' INCHES,₹168.00,,greenvitality.in,-OI5eIEHIMu4MwR-aRQe,Porcelain Crockery,7,8.5'' INCHES_0250_img1.jpg | 8.5'' INCHES_0250_img2.jpg | 8.5'' INCHES_0250_img3.png | 8.5'' INCHES_0250_img4.png | 8.5'' INCHES_0250_img5.png | 8.5'' INCHES_0250_img6.svg | 8.5'' INCHES_0250_img7.jpg
251,10.5'' INCHES,₹245.00,,greenvitality.in,-OI5eIEHIMu4MwR-aRQf,Porcelain Crockery,7,10.5'' INCHES_0251_img1.jpg | 10.5'' INCHES_0251_img2.jpg | 10.5'' INCHES_0251_img3.png | 10.5'' INCHES_0251_img4.png | 10.5'' INCHES_0251_img5.png | 10.5'' INCHES_0251_img6.svg | 10.5'' INCHES_0251_img7.jpg
252,10.5'' INCHES,₹245.00,,greenvitality.in,-OI5eIEHIMu4MwR-aRQg,Porcelain Crockery,7,10.5'' INCHES_0252_img1.jpg | 10.5'' INCHES_0252_img2.jpg | 10.5'' INCHES_0252_img3.png | 10.5'' INCHES_0252_img4.png | 10.5'' INCHES_0252_img5.png | 10.5'' INCHES_0252_img6.svg | 10.5'' INCHES_0252_img7.jpg
253,9.5'' INCHES,₹168.00,,greenvitality.in,-OI5eIEHIMu4MwR-aRQh,Porcelain Crockery,7,9.5'' INCHES_0253_img1.jpg | 9.5'' INCHES_0253_img2.jpg | 9.5'' INCHES_0253_img3.png | 9.5'' INCHES_0253_img4.png | 9.5'' INCHES_0253_img5.png | 9.5'' INCHES_0253_img6.svg | 9.5'' INCHES_0253_img7.jpg
254,6'' INCHES,₹184.80,,greenvitality.in,-OI5eIEHIMu4MwR-aRQj,Porcelain Crockery,7,6'' INCHES_0254_img1.jpg | 6'' INCHES_0254_img2.jpg | 6'' INCHES_0254_img3.png | 6'' INCHES_0254_img4.png | 6'' INCHES_0254_img5.png | 6'' INCHES_0254_img6.svg | 6'' INCHES_0254_img7.jpg
255,H3'' D4'',₹77.00,,greenvitality.in,-OI5eIEHIMu4MwR-aRQo,Porcelain Crockery,7,H3'' D4''_0255_img1.jpg | H3'' D4''_0255_img2.jpg | H3'' D4''_0255_img3.png | H3'' D4''_0255_img4.png | H3'' D4''_0255_img5.png | H3'' D4''_0255_img6.svg | H3'' D4''_0255_img7.jpg
256,H3'' D6'',₹138.60,,greenvitality.in,-OI5eIEHIMu4MwR-aRQq,Porcelain Crockery,7,H3'' D6''_0256_img1.jpg | H3'' D6''_0256_img2.jpg | H3'' D6''_0256_img3.png | H3'' D6''_0256_img4.png | H3'' D6''_0256_img5.png | H3'' D6''_0256_img6.svg | H3'' D6''_0256_img7.jpg
257,H3'' D4'',₹91.00,,greenvitality.in,-OI5eIEHIMu4MwR-aRQs,Porcelain Crockery,7,H3'' D4''_0257_img1.jpg | H3'' D4''_0257_img2.jpg | H3'' D4''_0257_img3.png | H3'' D4''_0257_img4.png | H3'' D4''_0257_img5.png | H3'' D4''_0257_img6.svg | H3'' D4''_0257_img7.jpg
258,H3'' D4'',₹67.20,,greenvitality.in,-OI5eIEHIMu4MwR-aRQw,Porcelain Crockery,7,H3'' D4''_0258_img1.jpg | H3'' D4''_0258_img2.jpg | H3'' D4''_0258_img3.png | H3'' D4''_0258_img4.png | H3'' D4''_0258_img5.png | H3'' D4''_0258_img6.svg | H3'' D4''_0258_img7.jpg
259,H3'' D4'',₹67.20,,greenvitality.in,-OI5eIEHIMu4MwR-aRQx,Porcelain Crockery,7,H3'' D4''_0259_img1.jpg | H3'' D4''_0259_img2.jpg | H3'' D4''_0259_img3.png | H3'' D4''_0259_img4.png | H3'' D4''_0259_img5.png | H3'' D4''_0259_img6.svg | H3'' D4''_0259_img7.jpg
260,7.5'' INCHES,₹259.00,,greenvitality.in,-OI5eIEHIMu4MwR-aRR-,Porcelain Crockery,7,7.5'' INCHES_0260_img1.jpg | 7.5'' INCHES_0260_img2.jpg | 7.5'' INCHES_0260_img3.png | 7.5'' INCHES_0260_img4.png | 7.5'' INCHES_0260_img5.png | 7.5'' INCHES_0260_img6.svg | 7.5'' INCHES_0260_img7.jpg
261,7.5'' INCHES,₹259.00,,greenvitality.in,-OI5eIEHIMu4MwR-aRR0,Porcelain Crockery,7,7.5'' INCHES_0261_img1.jpg | 7.5'' INCHES_0261_img2.jpg | 7.5'' INCHES_0261_img3.png | 7.5'' INCHES_0261_img4.png | 7.5'' INCHES_0261_img5.png | 7.5'' INCHES_0261_img6.svg | 7.5'' INCHES_0261_img7.jpg
262,6'' INCHES,₹221.20,,greenvitality.in,-OI5eIEHIMu4MwR-aRR1,Porcelain Crockery,7,6'' INCHES_0262_img1.jpg | 6'' INCHES_0262_img2.jpg | 6'' INCHES_0262_img3.png | 6'' INCHES_0262_img4.png | 6'' INCHES_0262_img5.png | 6'' INCHES_0262_img6.svg | 6'' INCHES_0262_img7.jpg
263,6'' INCHES,₹221.20,,greenvitality.in,-OI5eIEHIMu4MwR-aRR3,Porcelain Crockery,7,6'' INCHES_0263_img1.jpg | 6'' INCHES_0263_img2.jpg | 6'' INCHES_0263_img3.png | 6'' INCHES_0263_img4.png | 6'' INCHES_0263_img5.png | 6'' INCHES_0263_img6.svg | 6'' INCHES_0263_img7.jpg
264,7.5'' INCHES,₹119.00,,greenvitality.in,-OI5eIEHIMu4MwR-aRR5,Porcelain Crockery,7,7.5'' INCHES_0264_img1.jpg | 7.5'' INCHES_0264_img2.jpg | 7.5'' INCHES_0264_img3.png | 7.5'' INCHES_0264_img4.png | 7.5'' INCHES_0264_img5.png | 7.5'' INCHES_0264_img6.svg | 7.5'' INCHES_0264_img7.jpg
265,10.5'' INCHES,₹259.00,,greenvitality.in,-OI5eIEHIMu4MwR-aRR8,Porcelain Crockery,7,10.5'' INCHES_0265_img1.jpg | 10.5'' INCHES_0265_img2.jpg | 10.5'' INCHES_0265_img3.png | 10.5'' INCHES_0265_img4.png | 10.5'' INCHES_0265_img5.png | 10.5'' INCHES_0265_img6.svg | 10.5'' INCHES_0265_img7.jpg
266,10.5'' INCHES,₹221.20,,greenvitality.in,-OI5eIEHIMu4MwR-aRR9,Porcelain Crockery,7,10.5'' INCHES_0266_img1.jpg | 10.5'' INCHES_0266_img2.jpg | 10.5'' INCHES_0266_img3.png | 10.5'' INCHES_0266_img4.png | 10.5'' INCHES_0266_img5.png | 10.5'' INCHES_0266_img6.svg | 10.5'' INCHES_0266_img7.jpg
267,H3'' D3'',,,greenvitality.in,-OI5eIEHIMu4MwR-aRRA,Porcelain Crockery,6,H3'' D3''_0267_img1.jpg | H3'' D3''_0267_img2.jpg | H3'' D3''_0267_img3.png | H3'' D3''_0267_img4.png | H3'' D3''_0267_img5.svg | H3'' D3''_0267_img6.jpg